config,dev_trades,dev_pf,dev_win_rate,dev_net_usd,dev_avg_usd,dev_max_dd_usd,dev_payoff,check_trades,check_pf,check_win_rate,check_net_usd,check_avg_usd,check_max_dd_usd,check_payoff,all_trades,all_pf,all_win_rate,all_net_usd,all_avg_usd,all_max_dd_usd,all_payoff
breakout|none|2,103,0.8908388162009356,0.3300970873786408,-4363.5,-42.36407766990291,10940.0,1.8078787740548399,61,0.9266966388353671,0.3442622950819672,-1712.0,-28.065573770491802,10452.0,1.765136454924509,164,0.904062973724103,0.3353658536585366,-6075.5,-37.045731707317074,20433.0,1.7916884388350407
breakout|none|3,103,0.822122214267044,0.2524271844660194,-7826.0,-75.98058252427184,12318.0,2.434746557637015,61,0.6529708405441114,0.2459016393442623,-9324.5,-152.86065573770492,13024.5,2.002443911001942,164,0.7579869048626986,0.25,-17150.5,-104.57621951219512,25076.0,2.273960714588096
breakout|vwap|2,103,0.8908388162009356,0.3300970873786408,-4363.5,-42.36407766990291,10940.0,1.8078787740548399,61,0.9266966388353671,0.3442622950819672,-1712.0,-28.065573770491802,10452.0,1.765136454924509,164,0.904062973724103,0.3353658536585366,-6075.5,-37.045731707317074,20433.0,1.7916884388350407
breakout|vwap|3,103,0.822122214267044,0.2524271844660194,-7826.0,-75.98058252427184,12318.0,2.434746557637015,61,0.6529708405441114,0.2459016393442623,-9324.5,-152.86065573770492,13024.5,2.002443911001942,164,0.7579869048626986,0.25,-17150.5,-104.57621951219512,25076.0,2.273960714588096
breakout|flow|2,103,0.9041335070916153,0.33980582524271846,-3788.5,-36.78155339805825,9052.5,1.756602242349424,61,0.9266966388353671,0.3442622950819672,-1712.0,-28.065573770491802,10452.0,1.765136454924509,164,0.9125148114865563,0.34146341463414637,-5500.5,-33.53963414634146,18545.5,1.7598499935812157
breakout|flow|3,103,0.8234233613522576,0.2621359223300971,-7688.5,-74.64563106796116,10742.5,2.3177842763989474,61,0.6478535142075588,0.2459016393442623,-9462.0,-155.11475409836066,13162.0,1.9867507769031802,164,0.7564247317554661,0.25609756097560976,-17150.5,-104.57621951219512,23638.0,2.197233744623021
breakout|vwap_flow|2,103,0.9041335070916153,0.33980582524271846,-3788.5,-36.78155339805825,9052.5,1.756602242349424,61,0.9266966388353671,0.3442622950819672,-1712.0,-28.065573770491802,10452.0,1.765136454924509,164,0.9125148114865563,0.34146341463414637,-5500.5,-33.53963414634146,18545.5,1.7598499935812157
breakout|vwap_flow|3,103,0.8234233613522576,0.2621359223300971,-7688.5,-74.64563106796116,10742.5,2.3177842763989474,61,0.6478535142075588,0.2459016393442623,-9462.0,-155.11475409836066,13162.0,1.9867507769031802,164,0.7564247317554661,0.25609756097560976,-17150.5,-104.57621951219512,23638.0,2.197233744623021
breakout|vwap_flow_rvol|2,44,1.1826218540936604,0.38636363636363635,3439.5,78.17045454545455,4072.5,1.878281768266402,33,1.0517294785751161,0.3939393939393939,751.5,22.772727272727273,6576.5,1.618045351654025,77,1.125623847848568,0.38961038961038963,4191.0,54.42857142857143,7469.5,1.763477361629423
breakout|vwap_flow_rvol|3,44,1.0516299137104506,0.3181818181818182,1077.0,24.477272727272727,4677.0,2.2534926722366797,33,0.5375671852899576,0.24242424242424243,-8173.5,-247.6818181818182,9774.0,1.6798974540311173,77,0.8158427403659011,0.2857142857142857,-7096.5,-92.16233766233766,11690.5,2.039606850914753
retest|none|2,91,0.8871809744779582,0.31868131868131866,-4084.5,-44.88461538461539,7704.0,1.8967317385390834,51,0.8674167218177807,0.35294117647058826,-2704.5,-53.029411764705884,6219.0,1.5902639899992648,142,0.8800583013117795,0.33098591549295775,-6789.0,-47.809859154929576,13923.0,1.7788412473323203
retest|none|3,91,0.9090542631626854,0.26373626373626374,-3497.0,-38.42857142857143,8370.5,2.5377764846624973,51,0.8643347050754459,0.3137254901960784,-2967.0,-58.1764705882353,4959.5,1.8907321673525377,142,0.8928408610528584,0.28169014084507044,-6464.0,-45.521126760563384,13063.5,2.276744195684789
retest|vwap|2,91,0.8871809744779582,0.31868131868131866,-4084.5,-44.88461538461539,7704.0,1.8967317385390834,50,0.8888553989902795,0.36,-2212.5,-44.25,5727.0,1.5801873759827192,141,0.8877750153714545,0.3333333333333333,-6297.0,-44.659574468085104,13431.0,1.775550030742909
retest|vwap|3,91,0.9090542631626854,0.26373626373626374,-3497.0,-38.42857142857143,8370.5,2.5377764846624973,50,0.8842267751894471,0.32,-2475.0,-49.5,4727.5,1.8789818972775751,141,0.9001830200820665,0.28368794326241137,-5972.0,-42.354609929078016,12571.5,2.272962125707218
retest|flow|2,64,0.9582230007740253,0.359375,-1025.5,-16.0234375,8866.0,1.7081366535536973,48,0.8442310154949417,0.375,-3041.0,-63.354166666666664,5466.0,1.4070516924915697,112,0.9077252975413835,0.36607142857142855,-4066.5,-36.308035714285715,11726.5,1.5719145396448349
retest|flow|3,64,0.912286562731997,0.296875,-2363.0,-36.921875,10879.0,2.160678701207362,48,0.8777954873736116,0.3541666666666667,-2453.5,-51.114583333333336,5287.0,1.6006858887401154,112,0.897558329965757,0.32142857142857145,-4816.5,-43.004464285714285,14088.5,1.8948453632610425
retest|vwap_flow|2,63,0.9712604521523691,0.36507936507936506,-696.0,-11.047619047619047,8866.0,1.6891486124389028,46,0.9099014547160957,0.391304347826087,-1632.0,-35.47826086956522,5466.0,1.4154022628917045,109,0.9450048427866102,0.3761467889908257,-2328.0,-21.357798165137616,11234.5,1.5673251051094998
retest|vwap_flow|3,63,0.9235827962646324,0.30158730158730157,-2033.5,-32.27777777777778,10879.0,2.1388233176654645,46,0.9440486393829012,0.3695652173913043,-1044.5,-22.706521739130434,5287.0,1.6104359142414197,109,0.9320207162339742,0.3302752293577982,-3078.0,-28.238532110091743,13596.5,1.889930896807781
retest|vwap_flow_rvol|2,28,1.2954695840134103,0.42857142857142855,3349.0,119.60714285714286,5053.0,1.7272927786845471,26,0.5445073367703789,0.3076923076923077,-6317.0,-242.96153846153845,7801.5,1.2251415077333527,54,0.8822362417172559,0.37037037037037035,-2968.0,-54.96296296296296,10686.0,1.499801610919335
retest|vwap_flow_rvol|3,28,1.183809862775339,0.35714285714285715,2324.0,83.0,7041.5,2.1308577529956105,26,0.566139092187331,0.3076923076923077,-6017.0,-231.42307692307693,7940.5,1.273812957421495,54,0.8607045866022933,0.3333333333333333,-3693.0,-68.38888888888889,12416.5,1.7214091732045864
failed_break|none|2,91,0.888601881559628,0.3516483516483517,-4097.0,-45.02197802197802,15763.5,1.6383597191255643,52,1.108251592678734,0.34615384615384615,2141.0,41.17307692307692,3370.0,2.093364119504275,143,0.9654148100997242,0.34965034965034963,-1956.0,-13.678321678321678,15763.5,1.795671546785487
failed_break|none|3,91,1.0612286935475566,0.2967032967032967,2378.0,26.13186813186813,16735.0,2.515505051371986,52,0.8778961095414041,0.23076923076923078,-2809.0,-54.01923076923077,6478.5,2.9263203651380136,143,0.9930307391297317,0.2727272727272727,-431.0,-3.013986013986014,16735.0,2.648081971012618
failed_break|vwap|2,33,0.8147709870527635,0.30303030303030304,-2661.0,-80.63636363636364,4399.5,1.873973270221356,19,0.7132275785445343,0.2631578947368421,-2323.0,-122.26315789473684,4565.5,1.997037219924696,52,0.7781585916809471,0.28846153846153844,-4984.0,-95.84615384615384,6160.0,1.9194578594796696
failed_break|vwap|3,33,0.950544272948822,0.24242424242424243,-761.0,-23.060606060606062,5661.0,2.970450852965069,19,0.7766656795972757,0.21052631578947367,-1885.5,-99.23684210526316,5553.0,2.9124962984897835,52,0.88894250944188,0.23076923076923078,-2646.5,-50.89423076923077,5969.5,2.9631416981396
failed_break|flow|2,81,0.9373368146214099,0.35802469135802467,-2052.0,-25.333333333333332,10944.5,1.6807418744935625,50,0.9941794288079471,0.32,-112.5,-2.25,5150.5,2.1126312862168874,131,0.9584345504997648,0.3435114503816794,-2164.5,-16.522900763358777,10944.5,1.8316749187328836
failed_break|flow|3,81,1.2174125305126118,0.32098765432098764,7348.0,90.71604938271605,8975.0,2.5752957376228327,50,1.0619940194004813,0.26,1275.0,25.5,5600.5,3.0225983629090623,131,1.1586159958796263,0.29770992366412213,8623.0,65.82442748091603,8975.0,2.73314542617758
failed_break|vwap_flow|2,31,0.9184354035073954,0.3225806451612903,-1039.5,-33.53225806451613,4128.0,1.9287143473655302,17,0.6452532055433234,0.23529411764705882,-2739.0,-161.11764705882354,4186.0,2.097072918015801,48,0.8153722117710293,0.2916666666666667,-3778.5,-78.71875,6576.0,1.980189657158214
failed_break|vwap_flow|3,31,1.0625090803428738,0.25806451612903225,860.5,27.758064516129032,4537.0,3.054713605985762,17,0.8075778246310307,0.17647058823529413,-1551.5,-91.26470588235294,5173.5,3.7686965149448097,48,0.9683448623390902,0.22916666666666666,-691.0,-14.395833333333334,6015.0,3.257159991504212
failed_break|vwap_flow_rvol|2,11,1.0023662176920276,0.36363636363636365,13.0,1.1818181818181819,1910.0,1.7541408809610484,10,0.6537897732172113,0.2,-2007.5,-200.75,3680.5,2.6151590928688453,21,0.8233783484613681,0.2857142857142857,-1994.5,-94.97619047619048,3680.5,2.0584458711534204
failed_break|vwap_flow_rvol|3,11,1.1528417175860048,0.2727272727272727,913.0,83.0,3030.5,3.074244580229346,10,0.9814607226006726,0.2,-107.5,-10.75,3680.5,3.9258428904026905,21,1.0684250764525993,0.23809523809523808,805.5,38.357142857142854,3680.5,3.418960244648318
open_retest|none|2,17,1.560347129506008,0.4117647058823529,2098.5,123.44117647058823,1160.0,2.229067327865726,20,0.3705456570155902,0.25,-5652.5,-282.625,6693.5,1.1116369710467706,37,0.7207072691552063,0.32432432432432434,-3554.0,-96.05405405405405,6693.5,1.5014734774066798
open_retest|none|3,17,2.334712950600801,0.4117647058823529,4998.5,294.02941176470586,1160.0,3.335304215144002,20,0.5570712694877505,0.25,-3977.5,-198.875,5543.5,1.6712138084632517,37,1.0802357563850689,0.32432432432432434,1021.0,27.594594594594593,5543.5,2.25049115913556
open_retest|vwap|2,8,3.018134715025907,0.625,2726.5,340.8125,629.5,1.810880829015544,10,0.6153227104458394,0.3,-1195.0,-119.5,1740.5,1.4357529910402917,18,1.3435782389231632,0.4444444444444444,1531.5,85.08333333333333,1824.5,1.679472798653954
open_retest|vwap|3,8,4.507772020725389,0.625,4739.0,592.375,629.5,2.7046632124352334,10,0.9251569290197972,0.3,-232.5,-23.25,1693.0,2.1586995010461933,18,2.0109927089175548,0.4444444444444444,4506.5,250.36111111111111,1693.0,2.5137408861469432
open_retest|flow|2,1,,1.0,945.5,945.5,0.0,,0,,,0.0,,0.0,,1,,1.0,945.5,945.5,0.0,
open_retest|flow|3,1,,1.0,1420.5,1420.5,0.0,,0,,,0.0,,0.0,,1,,1.0,1420.5,1420.5,0.0,
open_retest|vwap_flow|2,0,,,0.0,,0.0,,0,,,0.0,,0.0,,0,,,0.0,,0.0,
open_retest|vwap_flow|3,0,,,0.0,,0.0,,0,,,0.0,,0.0,,0,,,0.0,,0.0,
open_retest|vwap_flow_rvol|2,0,,,0.0,,0.0,,0,,,0.0,,0.0,,0,,,0.0,,0.0,
open_retest|vwap_flow_rvol|3,0,,,0.0,,0.0,,0,,,0.0,,0.0,,0,,,0.0,,0.0,
