day,outcome,close_location,nearest_barrier,opening_direction,vwap_direction,delta_direction
2025-12-01,1,0.3333333333333333,-1,1,-1,-1
2025-12-02,-1,0.5740740740740741,1,1,1,1
2025-12-03,1,0.609375,1,1,1,1
2025-12-04,-1,0.11594202898550725,-1,-1,-1,-1
2025-12-05,1,0.42857142857142855,-1,1,-1,1
2025-12-08,-1,0.4642857142857143,-1,-1,-1,1
2025-12-09,1,0.660377358490566,1,1,1,1
2025-12-10,0,0.7605633802816901,1,1,1,1
2025-12-11,-1,0.8181818181818182,1,1,1,1
2025-12-12,-1,0.24,-1,-1,-1,-1
2025-12-15,-1,0.01098901098901099,-1,-1,-1,-1
2025-12-16,-1,0.23157894736842105,-1,-1,-1,-1
2025-12-17,-1,0.16326530612244897,-1,-1,-1,-1
2025-12-18,1,0.07766990291262135,-1,-1,-1,-1
2025-12-19,0,0.9918032786885246,1,1,1,1
2025-12-22,0,0.1875,-1,-1,-1,-1
2025-12-23,1,0.9875,1,1,1,1
2025-12-26,0,0.9818181818181818,1,1,1,1
2025-12-29,0,0.6296296296296297,1,1,1,1
2025-12-30,1,0.03225806451612903,-1,-1,-1,1
2025-12-31,-1,0.08450704225352113,-1,-1,-1,-1
2026-01-02,-1,0.3855421686746988,-1,-1,-1,1
2026-01-05,1,0.7843137254901961,1,1,1,1
2026-01-06,1,0.8285714285714286,1,1,1,1
2026-01-07,-1,0.9545454545454546,1,1,1,1
2026-01-08,0,0.12857142857142856,-1,-1,-1,-1
2026-01-09,-1,0.5,0,1,-1,1
2026-01-12,1,0.822429906542056,1,1,1,1
2026-01-13,-1,0.1836734693877551,-1,-1,-1,1
2026-01-14,-1,0.06315789473684211,-1,-1,-1,-1
2026-01-15,1,0.44680851063829785,-1,-1,-1,1
2026-01-16,-1,0.02127659574468085,-1,-1,-1,-1
2026-01-20,1,0.9466666666666667,1,1,1,1
2026-01-21,1,0.5833333333333334,1,1,1,1
2026-01-22,-1,0.273972602739726,-1,-1,-1,1
2026-01-23,1,0.5161290322580645,1,-1,1,1
2026-01-26,0,0.9591836734693877,1,1,1,1
2026-01-27,1,0.6470588235294118,1,-1,1,1
2026-01-28,-1,0.9090909090909091,1,1,1,1
2026-01-29,-1,0.01282051282051282,-1,-1,-1,-1
2026-01-30,0,0.5612244897959183,1,1,-1,1
2026-02-02,1,0.9477611940298507,1,1,1,-1
2026-02-03,-1,0.15294117647058825,-1,-1,-1,-1
2026-02-04,-1,0.7282608695652174,1,1,1,-1
2026-02-05,-1,0.9135135135135135,1,1,1,1
2026-02-06,1,0.9947089947089947,1,1,1,1
2026-02-09,1,0.8778625954198473,1,1,1,1
2026-02-10,0,0.25882352941176473,-1,-1,-1,-1
2026-02-11,-1,0.125,-1,-1,-1,-1
2026-02-12,-1,0.03571428571428571,-1,-1,-1,-1
2026-02-13,1,0.5931372549019608,1,-1,1,1
2026-02-17,-1,0.25892857142857145,-1,1,-1,1
2026-02-18,1,0.8073394495412844,1,1,1,1
2026-02-19,1,0.9239130434782609,1,1,1,1
2026-02-20,1,0.8503401360544217,1,1,1,1
2026-02-23,-1,0.04807692307692308,-1,-1,-1,1
2026-02-24,1,0.9831460674157303,1,1,1,1
2026-02-25,1,0.6226415094339622,1,1,1,1
2026-02-26,-1,0.21649484536082475,-1,-1,-1,-1
2026-02-27,1,0.375,-1,-1,-1,1
2026-03-02,1,0.9157303370786517,1,1,1,1
2026-03-03,-1,0.06918238993710692,-1,-1,-1,1
2026-03-04,1,0.04285714285714286,-1,-1,-1,-1
2026-03-05,-1,0.3333333333333333,-1,1,-1,1
2026-03-06,1,0.1554054054054054,-1,-1,-1,1
2026-03-09,1,0.18238993710691823,-1,-1,-1,1
2026-03-10,1,0.45901639344262296,-1,-1,-1,1
2026-03-11,-1,0.14814814814814814,-1,-1,-1,1
2026-03-12,-1,0.22535211267605634,-1,-1,-1,-1
2026-03-13,-1,0.9918032786885246,1,1,1,1
2026-03-16,1,0.9523809523809523,1,1,1,1
2026-03-17,-1,0.7619047619047619,1,1,1,1
2026-03-18,-1,0.5074626865671642,1,1,1,1
2026-03-19,1,0.8712871287128713,1,1,1,-1
2026-03-20,-1,0.8024691358024691,1,-1,1,1
2026-03-23,1,0.5555555555555556,1,0,1,1
2026-03-24,1,0.3,-1,-1,-1,-1
2026-03-25,-1,0.15625,-1,1,-1,1
2026-03-26,1,0.9894736842105263,1,1,1,1
2026-03-27,0,0.4406779661016949,-1,-1,1,-1
2026-03-30,-1,0.1095890410958904,-1,-1,-1,-1
2026-03-31,1,0.43333333333333335,-1,1,-1,1
2026-04-01,1,0.22935779816513763,-1,1,-1,1
2026-04-02,1,0.25773195876288657,-1,-1,-1,-1
2026-04-06,1,0.5408163265306123,1,1,1,1
2026-04-07,-1,0.05357142857142857,-1,-1,-1,-1
2026-04-08,-1,0.1276595744680851,-1,-1,-1,1
2026-04-09,-1,0.8076923076923077,1,1,1,1
2026-04-10,-1,0.2542372881355932,-1,-1,-1,-1
2026-04-13,1,0.2777777777777778,-1,-1,-1,-1
2026-04-14,1,0.9473684210526315,1,1,1,1
2026-04-15,1,0.060240963855421686,-1,-1,-1,1
2026-04-16,-1,0.6041666666666666,1,-1,1,-1
2026-04-17,1,0.7076923076923077,1,1,1,1
2026-04-20,-1,0.5102040816326531,1,1,-1,1
2026-04-21,1,0.5588235294117647,1,-1,1,-1
2026-04-22,1,0.43478260869565216,-1,-1,-1,1
2026-04-23,1,1.0,1,1,1,1
2026-04-24,1,0.25,-1,-1,-1,-1
2026-04-27,0,0.5409836065573771,1,1,-1,-1
2026-04-28,-1,0.7529411764705882,1,1,1,1
2026-04-29,1,0.06,-1,-1,-1,1
2026-04-30,0,0.4338235294117647,-1,-1,-1,1
2026-05-01,1,0.9333333333333333,1,1,1,1
2026-05-04,1,0.6511627906976745,1,-1,1,1
2026-05-05,1,0.7435897435897436,1,1,1,1
2026-05-06,1,0.7605633802816901,1,1,1,1
2026-05-07,-1,0.0975609756097561,-1,-1,-1,1
2026-05-08,1,0.8157894736842105,1,1,1,-1
2026-05-11,1,1.0,1,1,1,1
2026-05-12,-1,0.6956521739130435,1,-1,1,-1
2026-05-13,-1,0.2,-1,-1,-1,1
2026-05-14,1,0.891566265060241,1,1,1,1
2026-05-15,0,0.014285714285714285,-1,-1,-1,-1
2026-05-18,1,0.023529411764705882,-1,-1,-1,-1
2026-05-19,-1,0.06666666666666667,-1,-1,-1,-1
2026-05-20,1,0.9090909090909091,1,1,1,1
2026-05-21,1,0.1509433962264151,-1,-1,-1,-1
2026-05-22,0,0.693069306930693,1,1,1,1
2026-05-26,1,0.9523809523809523,1,1,1,1
2026-05-27,0,0.13253012048192772,-1,-1,-1,-1
2026-05-28,1,0.2708333333333333,-1,-1,-1,-1
2026-05-29,0,0.987012987012987,1,1,1,1
2026-06-01,0,0.8,1,1,1,1
2026-06-02,1,0.5641025641025641,1,1,1,1
2026-06-03,-1,0.02197802197802198,-1,-1,-1,-1
2026-06-04,1,0.3291139240506329,-1,0,-1,-1
2026-06-05,-1,0.02830188679245283,-1,-1,-1,-1
2026-06-08,0,0.4,-1,-1,-1,1
2026-06-09,1,1.0,1,1,1,1
2026-06-10,-1,0.9947089947089947,1,1,1,1
2026-06-11,1,0.29464285714284755,-1,-1,-1,1
2026-06-12,1,0.029556650246305417,-1,-1,-1,-1
2026-06-15,1,0.6285714285714286,1,1,1,1
2026-06-16,-1,0.5,0,1,-1,-1
2026-06-17,-1,1.0,1,1,1,1
2026-06-18,0,0.028089887640449437,-1,-1,-1,-1
2026-06-22,-1,0.27722772277227725,-1,1,-1,-1
2026-06-23,1,0.8503937007874016,1,1,1,1
2026-06-24,1,0.4789915966386555,-1,1,-1,1
2026-06-25,-1,0.04608294930875576,-1,-1,-1,-1
2026-06-26,1,0.8584070796460177,1,1,1,-1
2026-06-29,-1,1.0,1,1,1,1
2026-06-30,1,0.6949152542372882,1,1,1,-1
2026-07-01,1,0.3274336283185841,-1,-1,-1,-1
2026-07-02,-1,0.84375,1,1,1,1
2026-07-06,1,0.6097560975609756,1,1,1,1
2026-07-07,-1,0.5945945945945946,1,-1,1,-1
2026-07-08,-1,0.7906976744186046,1,1,1,1
2026-07-09,1,0.9568965517241379,1,1,1,-1
2026-07-10,-1,0.29310344827586204,-1,1,-1,1
2026-07-13,-1,0.4262295081967213,-1,1,-1,1
2026-07-14,1,0.8941176470588236,1,1,1,1
2026-07-15,-1,0.1206896551724138,-1,1,-1,1
2026-07-16,0,0.09183673469387756,-1,-1,-1,-1
2026-07-17,1,0.14285714285714285,-1,-1,-1,-1
2026-07-20,-1,0.9333333333333333,1,1,1,1
2026-07-21,1,0.10101010101010101,-1,-1,-1,-1
2026-07-22,1,0.875,1,1,1,1
2026-07-23,-1,0.8242424242424242,1,1,1,-1
2026-07-24,-1,0.3333333333333333,-1,1,-1,1
2026-07-27,-1,0.03488372093023256,-1,-1,-1,-1
2026-07-28,1,0.17094017094017094,-1,-1,-1,-1
2026-07-29,-1,0.5373134328358209,1,-1,1,1
2026-07-30,1,0.8160919540229885,1,1,1,1
2026-07-31,-1,0.08391608391608392,-1,-1,-1,-1
