day,reason,symbol,bars
2025-11-30,no preopen data,,
2025-12-07,no preopen data,,
2025-12-14,no preopen data,,
2025-12-21,no preopen data,,
2025-12-24,incomplete RTH,ESH6,225.0
2025-12-25,no preopen data,,
2025-12-28,no preopen data,,
2026-01-01,no preopen data,,
2026-01-04,no preopen data,,
2026-01-11,no preopen data,,
2026-01-18,no preopen data,,
2026-01-19,incomplete RTH,ESH6,210.0
2026-01-25,no preopen data,,
2026-02-01,no preopen data,,
2026-02-08,no preopen data,,
2026-02-15,no preopen data,,
2026-02-16,incomplete RTH,ESH6,210.0
2026-02-22,no preopen data,,
2026-03-01,no preopen data,,
2026-03-08,no preopen data,,
2026-03-15,no preopen data,,
2026-03-22,no preopen data,,
2026-03-29,no preopen data,,
2026-04-03,incomplete RTH,ESM6,0.0
2026-04-05,no preopen data,,
2026-04-12,no preopen data,,
2026-04-19,no preopen data,,
2026-04-26,no preopen data,,
2026-05-03,no preopen data,,
2026-05-10,no preopen data,,
2026-05-17,no preopen data,,
2026-05-24,no preopen data,,
2026-05-25,incomplete RTH,ESM6,210.0
2026-05-31,no preopen data,,
2026-06-07,no preopen data,,
2026-06-14,no preopen data,,
2026-06-19,incomplete RTH,ESU6,210.0
2026-06-21,no preopen data,,
2026-06-28,no preopen data,,
2026-07-03,incomplete RTH,ESU6,210.0
2026-07-05,no preopen data,,
2026-07-12,no preopen data,,
2026-07-19,no preopen data,,
2026-07-26,no preopen data,,
