day,symbol,direction,entry_ts,exit_ts,entry,exit,stop,target,reason,pnl,risk_usd
2025-12-02,ESZ5,-1,1764688260255290255,1764690601171489521,6852.25,6859.25,6859.0,6832.0,stop,-354.5,337.5
2025-12-03,ESZ5,-1,1764774420279402019,1764775983350203005,6838.0,6846.25,6846.0,6814.0,stop,-417.0,400.0
2025-12-04,ESZ5,1,1764861780267025831,1764861900950006641,6860.75,6851.75,6852.0,6887.0,stop,-454.5,437.5
2025-12-05,ESZ5,-1,1764950220281317319,1764950411998354489,6884.75,6891.25,6891.0,6866.0,stop,-329.5,312.5
2025-12-09,ESZ5,-1,1765292280360742175,1765292562868265115,6860.25,6867.25,6867.0,6840.0,stop,-354.5,337.5
2025-12-10,ESZ5,-1,1765378320314791849,1765384049235501727,6847.5,6856.75,6856.5,6820.5,stop,-467.0,450.0
2025-12-11,ESZ5,1,1765465740326372933,1765466844268150367,6862.5,6883.5,6855.5,6883.5,target,1045.5,350.0
2025-12-15,ESH6,1,1765810200259926639,1765810630295240873,6909.25,6897.5,6897.75,6943.75,stop,-592.0,575.0
2025-12-16,ESH6,-1,1765896780395680637,1765898721674554799,6872.0,6836.0,6884.0,6836.0,target,1795.5,600.0
2025-12-17,ESH6,1,1765983000387189475,1765985738361916001,6852.0,6839.5,6839.75,6888.75,stop,-629.5,612.5
2025-12-19,ESH6,-1,1766155740255389743,1766164658685164049,6874.0,6889.5,6889.25,6828.25,stop,-779.5,762.5
2025-12-22,ESH6,1,1766418060360591247,1766426257963401631,6912.0,6936.0,6904.0,6936.0,target,1195.5,400.0
2025-12-23,ESH6,-1,1766501700253339277,1766505693069636239,6936.75,6947.0,6946.75,6906.75,stop,-517.0,500.0
2025-12-26,ESH6,1,1766761500542956293,1766768924932435795,6979.75,6972.5,6972.75,7000.75,stop,-367.0,350.0
2025-12-29,ESH6,1,1767024720505867317,1767029171856113895,6948.75,6938.25,6938.5,6979.5,stop,-529.5,512.5
2025-12-30,ESH6,1,1767106020253098425,1767107612185195999,6949.25,6945.0,6945.25,6961.25,stop,-217.0,200.0
2025-12-31,ESH6,1,1767192720369269315,1767194298088449747,6932.5,6923.25,6923.5,6959.5,stop,-467.0,450.0
2026-01-02,ESH6,-1,1767365640279684035,1767367265943327579,6932.0,6900.5,6942.5,6900.5,target,1570.5,525.0
2026-01-06,ESH6,-1,1767715500638004519,1767715934112725251,6954.0,6958.75,6958.5,6940.5,stop,-242.0,225.0
2026-01-07,ESH6,-1,1767797400269096673,1767800344297234157,6994.0,6977.5,6999.5,6977.5,target,820.5,275.0
2026-01-08,ESH6,-1,1767886560368672961,1767890777697342111,6958.0,6967.0,6966.75,6931.75,stop,-454.5,437.5
2026-01-09,ESH6,1,1767971580303321289,1767975244843810085,6973.0,7000.75,6963.75,7000.75,target,1383.0,462.5
2026-01-12,ESH6,-1,1768232040359843823,1768234332259821593,6993.5,7007.25,7007.0,6953.0,stop,-692.0,675.0
2026-01-13,ESH6,1,1768316040319772405,1768316091359929731,7012.25,7005.75,7006.0,7031.0,stop,-329.5,312.5
2026-01-14,ESH6,1,1768402020272481697,1768402781970345315,6961.0,6948.75,6949.0,6997.0,stop,-617.0,600.0
2026-01-15,ESH6,1,1768488840279046845,1768492202300112345,7000.75,6994.5,6994.75,7018.75,stop,-317.0,300.0
2026-01-20,ESH6,1,1768922040263952425,1768923172233144089,6871.25,6899.75,6861.75,6899.75,target,1420.5,475.0
2026-01-22,ESH6,1,1769096580518254583,1769113761578221259,6948.0,6938.5,6938.75,6975.75,stop,-479.5,462.5
2026-01-23,ESH6,-1,1769181240473525807,1769181737746467133,6939.75,6947.75,6947.5,6916.5,stop,-404.5,387.5
2026-01-26,ESH6,-1,1769439000258988679,1769440895880324799,6975.5,6988.0,6987.75,6938.75,stop,-629.5,612.5
2026-01-29,ESH6,1,1769698140307973775,1769698744439046695,6989.75,6970.0,6970.25,7048.25,stop,-992.0,975.0
2026-01-30,ESH6,-1,1769788200346149855,1769792643668516615,6983.5,6946.75,6995.75,6946.75,target,1833.0,612.5
2026-02-02,ESH6,-1,1770043680357876211,1770044766750367923,6973.0,6990.0,6989.75,6922.75,stop,-854.5,837.5
2026-02-04,ESH6,-1,1770216600267602007,1770217208006268823,6955.5,6921.0,6967.0,6921.0,target,1720.5,575.0
2026-02-05,ESH6,1,1770304200258272633,1770305222800359665,6831.25,6807.75,6808.0,6901.0,stop,-1179.5,1162.5
2026-02-06,ESH6,-1,1770389400290317303,1770395739213320813,6898.0,6922.0,6921.75,6826.75,stop,-1204.5,1187.5
2026-02-10,ESH6,-1,1770736440276492089,1770736716911408293,6988.5,6999.5,6999.25,6956.25,stop,-554.5,537.5
2026-02-13,ESH6,-1,1770995580279791145,1771001105012500987,6856.0,6881.75,6881.5,6779.5,stop,-1292.0,1275.0
2026-02-17,ESH6,1,1771344360367647925,1771354540188542059,6837.5,6879.5,6823.5,6879.5,target,2095.5,700.0
2026-02-19,ESH6,-1,1771513260344392979,1771513415122839723,6879.75,6891.5,6891.25,6845.25,stop,-592.0,575.0
2026-02-20,ESH6,-1,1771600020279298063,1771600123767016883,6877.75,6896.5,6896.25,6822.25,stop,-942.0,925.0
2026-02-23,ESH6,1,1771858260287617755,1771858568120231579,6908.75,6895.5,6895.75,6947.75,stop,-667.0,650.0
2026-02-24,ESH6,-1,1771944840269093239,1771946978079205935,6870.5,6893.0,6892.75,6803.75,stop,-1129.5,1112.5
2026-02-25,ESH6,-1,1772031240780726895,1772037980002786435,6943.0,6950.0,6949.75,6922.75,stop,-354.5,337.5
2026-02-27,ESH6,-1,1772205420306662329,1772206644587166085,6866.75,6880.0,6879.75,6827.75,stop,-667.0,650.0
2026-03-02,ESH6,-1,1772463180288671845,1772463840028511385,6845.5,6868.0,6867.75,6778.75,stop,-1129.5,1112.5
2026-03-03,ESH6,1,1772549520252222315,1772551108769541261,6754.5,6734.25,6734.5,6814.5,stop,-1017.0,1000.0
2026-03-04,ESH6,1,1772635620284819325,1772638020988573965,6829.75,6882.25,6812.25,6882.25,target,2620.5,875.0
2026-03-05,ESH6,-1,1772723040557966877,1772724533856302627,6866.0,6826.25,6879.25,6826.25,target,1983.0,662.5
2026-03-06,ESH6,1,1772809200251611563,1772830680000058735,6727.5,6749.0,6709.0,6783.0,flatten,1070.5,925.0
2026-03-09,ESH6,1,1773065820265500193,1773070008596337153,6655.0,6715.0,6635.0,6715.0,target,2995.5,1000.0
2026-03-10,ESH6,1,1773152400327044383,1773154531924352027,6780.5,6826.25,6765.25,6826.25,target,2283.0,762.5
2026-03-11,ESH6,1,1773237540254447527,1773237676133501415,6795.75,6816.0,6789.0,6816.0,target,1008.0,337.5
2026-03-12,ESH6,1,1773323400278506101,1773323624402631817,6717.5,6708.25,6708.5,6744.5,stop,-467.0,450.0
2026-03-13,ESH6,-1,1773409740311569321,1773413188606827281,6728.5,6682.75,6743.75,6682.75,target,2283.0,762.5
2026-03-16,ESM6,-1,1773668940464533943,1773669491794628265,6761.0,6771.75,6771.5,6729.5,stop,-542.0,525.0
2026-03-17,ESM6,-1,1773755460377484147,1773761800410666697,6803.0,6771.5,6813.5,6771.5,target,1570.5,525.0
2026-03-18,ESM6,1,1773846480301675097,1773847124303930415,6742.5,6733.75,6734.0,6768.0,stop,-442.0,425.0
2026-03-19,ESM6,-1,1773931140254472161,1773932716352526803,6634.75,6647.75,6647.5,6596.5,stop,-654.5,637.5
2026-03-23,ESM6,-1,1774274100335658329,1774275679452776745,6673.5,6691.75,6691.5,6619.5,stop,-917.0,900.0
2026-03-24,ESM6,-1,1774363020288101393,1774363916361892517,6601.0,6617.5,6617.25,6552.25,stop,-829.5,812.5
2026-03-25,ESM6,1,1774449240482770463,1774451357512751483,6661.25,6649.0,6649.25,6697.25,stop,-617.0,600.0
2026-03-26,ESM6,-1,1774536240266906833,1774542529664410381,6601.75,6565.75,6613.75,6565.75,target,1795.5,600.0
2026-03-27,ESM6,1,1774620780587880483,1774622787012372503,6467.25,6452.25,6452.5,6511.5,stop,-754.5,737.5
2026-03-30,ESM6,1,1774882680350336575,1774888133663738773,6437.5,6419.0,6419.25,6492.25,stop,-929.5,912.5
2026-03-31,ESM6,-1,1774968240331198985,1774970035580057139,6469.75,6481.25,6481.0,6436.0,stop,-579.5,562.5
2026-04-06,ESM6,-1,1775486340281823895,1775486457173133573,6632.75,6645.25,6645.0,6596.0,stop,-629.5,612.5
2026-04-07,ESM6,1,1775569980454386739,1775570439929434387,6612.75,6598.5,6598.75,6654.75,stop,-717.0,700.0
2026-04-09,ESM6,1,1775744461189846217,1775744821842624055,6810.75,6804.0,6804.25,6830.25,stop,-342.0,325.0
2026-04-10,ESM6,1,1775830380329752969,1775836300950731381,6870.0,6862.25,6862.5,6892.5,stop,-392.0,375.0
2026-04-15,ESM6,-1,1776264000278149489,1776264637068263883,7022.0,7032.75,7032.5,6990.5,stop,-542.0,525.0
2026-04-16,ESM6,1,1776351120258054759,1776352515716371563,7062.25,7080.25,7056.25,7080.25,target,895.5,300.0
2026-04-20,ESM6,-1,1776693840285759009,1776696665836287865,7153.5,7134.75,7159.75,7134.75,target,933.0,312.5
2026-04-21,ESM6,-1,1776781440376230639,1776783567253830565,7162.0,7136.5,7170.5,7136.5,target,1270.5,425.0
2026-04-22,ESM6,-1,1776866760256112859,1776866824246046661,7147.75,7153.75,7153.5,7130.5,stop,-304.5,287.5
2026-04-23,ESM6,-1,1776952260499814931,1776954752822931541,7162.25,7169.5,7169.25,7141.25,stop,-367.0,350.0
2026-04-24,ESM6,1,1777039080286956409,1777044202929106111,7152.75,7176.75,7144.75,7176.75,target,1195.5,400.0
2026-04-27,ESM6,1,1777303740282491899,1777311241240715051,7183.25,7206.5,7175.5,7206.5,target,1158.0,387.5
2026-04-28,ESM6,1,1777388460257455273,1777390220993912785,7162.5,7151.5,7151.75,7194.75,stop,-554.5,537.5
2026-04-29,ESM6,-1,1777475040630153615,1777480440426313339,7162.75,7144.0,7169.0,7144.0,target,933.0,312.5
2026-04-30,ESM6,1,1777557660276623727,1777571162906897171,7170.25,7221.25,7153.25,7221.25,target,2545.5,850.0
2026-05-01,ESM6,-1,1777646280267428631,1777646838768260783,7275.5,7285.25,7285.0,7247.0,stop,-492.0,475.0
2026-05-04,ESM6,-1,1777902960297019325,1777903947247512351,7253.25,7259.0,7258.75,7236.75,stop,-292.0,275.0
2026-05-05,ESM6,-1,1777989300260138003,1777989716948581279,7272.25,7277.5,7277.25,7257.25,stop,-267.0,250.0
2026-05-06,ESM6,-1,1778075820265621363,1778076752670535459,7343.000000000001,7352.250000000001,7352.000000000001,7316.000000000001,stop,-467.0,450.0
2026-05-07,ESM6,1,1778162160251853141,1778165700184656459,7390.000000000001,7405.750000000001,7384.750000000001,7405.750000000001,target,783.0,262.5
2026-05-11,ESM6,-1,1778509920267301849,1778510182192970845,7424.000000000001,7434.000000000001,7433.750000000001,7394.750000000001,stop,-504.5,487.5
2026-05-12,ESM6,1,1778595240277619981,1778596109482416127,7402.500000000001,7393.500000000001,7393.750000000001,7428.750000000001,stop,-454.5,437.5
2026-05-13,ESM6,1,1778680380381936773,1778686562501207751,7411.250000000001,7441.250000000001,7401.250000000001,7441.250000000001,target,1495.5,500.0
2026-05-14,ESM6,-1,1778766540263952553,1778768440661321929,7496.750000000001,7507.500000000001,7507.250000000001,7465.250000000001,stop,-542.0,525.0
2026-05-15,ESM6,-1,1778855100254553969,1778875080001488521,7458.750000000001,7433.500000000001,7476.250000000001,7406.250000000001,flatten,1258.0,875.0
2026-05-18,ESM6,-1,1779112860255670905,1779114936509934813,7440.000000000001,7407.750000000001,7450.750000000001,7407.750000000001,target,1608.0,537.5
2026-05-19,ESM6,-1,1779199140278757487,1779200433743592147,7395.000000000001,7361.250000000001,7406.250000000001,7361.250000000001,target,1683.0,562.5
2026-05-20,ESM6,-1,1779285000298071451,1779286589602762181,7398.500000000001,7408.500000000001,7408.250000000001,7369.250000000001,stop,-504.5,487.5
2026-05-21,ESM6,-1,1779372960254678021,1779373032361459401,7421.250000000001,7428.250000000001,7428.000000000001,7401.000000000001,stop,-354.5,337.5
2026-05-22,ESM6,1,1779460320301145985,1779479880000767023,7491.750000000001,7494.250000000001,7479.000000000001,7530.000000000001,flatten,120.5,637.5
2026-05-26,ESM6,-1,1779803460285949683,1779804249843869243,7536.750000000001,7545.000000000001,7544.750000000001,7512.750000000001,stop,-417.0,400.0
2026-05-27,ESM6,1,1779895500276827107,1779896892434385113,7527.500000000001,7516.750000000001,7517.000000000001,7559.000000000001,stop,-542.0,525.0
2026-05-28,ESM6,-1,1779976980411020061,1779977569789458109,7536.250000000001,7542.500000000001,7542.250000000001,7518.250000000001,stop,-317.0,300.0
2026-05-29,ESM6,-1,1780063740312222059,1780084680001349103,7603.250000000001,7595.000000000001,7613.000000000001,7574.000000000001,flatten,408.0,487.5
2026-06-02,ESM6,-1,1780409280439251133,1780409486365624751,7604.500000000001,7609.750000000001,7609.500000000001,7589.500000000001,stop,-267.0,250.0
2026-06-03,ESM6,1,1780495260382117051,1780500181093556151,7593.250000000001,7581.500000000001,7581.750000000001,7627.750000000001,stop,-592.0,575.0
2026-06-04,ESM6,-1,1780582740266992259,1780585207306494951,7560.750000000001,7571.000000000001,7570.750000000001,7530.750000000001,stop,-517.0,500.0
2026-06-05,ESM6,1,1780670100440773849,1780670872630590663,7528.250000000001,7514.750000000001,7515.000000000001,7568.000000000001,stop,-679.5,662.5
2026-06-08,ESM6,1,1780927620313550493,1780938167572732643,7445.500000000001,7429.500000000001,7429.750000000001,7492.750000000001,stop,-804.5,787.5
2026-06-09,ESM6,-1,1781013300331297469,1781014425269624269,7473.250000000001,7441.750000000001,7483.750000000001,7441.750000000001,target,1570.5,525.0
2026-06-10,ESM6,-1,1781099940319894047,1781101476928512591,7380.500000000001,7404.500000000001,7404.250000000001,7309.250000000001,stop,-1204.5,1187.5
2026-06-11,ESM6,-1,1781187060296403993,1781190102601028699,7306.750000000001,7264.000000000001,7321.000000000001,7264.000000000001,target,2133.0,712.5
2026-06-12,ESM6,1,1781272020279156087,1781277496659629459,7374.500000000001,7451.000000000001,7349.000000000001,7451.000000000001,target,3820.5,1275.0
2026-06-15,ESU6,-1,1781532000268529297,1781535430925347479,7614.000000000001,7623.000000000001,7622.750000000001,7587.750000000001,stop,-454.5,437.5
2026-06-16,ESU6,1,1781618460278752769,1781619590830376539,7626.500000000001,7620.000000000001,7620.250000000001,7645.250000000001,stop,-329.5,312.5
2026-06-17,ESU6,1,1781705040354109865,1781707220775364277,7587.500000000001,7579.750000000001,7580.000000000001,7610.000000000001,stop,-392.0,375.0
2026-06-23,ESU6,-1,1782227940540519647,1782230646598083463,7445.750000000001,7462.000000000001,7461.750000000001,7397.750000000001,stop,-817.0,800.0
2026-06-24,ESU6,-1,1782309360251890561,1782312320302753591,7459.750000000001,7475.000000000001,7474.750000000001,7414.750000000001,stop,-767.0,750.0
2026-06-25,ESU6,1,1782397080262310831,1782410637263714167,7436.750000000001,7409.250000000001,7409.500000000001,7518.500000000001,stop,-1379.5,1362.5
2026-06-29,ESU6,-1,1782741000357358103,1782742447539152745,7479.000000000001,7420.500000000001,7498.500000000001,7420.500000000001,target,2920.5,975.0
2026-07-02,ESU6,-1,1783000620339952393,1783004791999555075,7583.250000000001,7535.250000000001,7599.250000000001,7535.250000000001,target,2395.5,800.0
2026-07-06,ESU6,-1,1783347540438282199,1783348202788184913,7570.250000000001,7580.750000000001,7580.500000000001,7539.500000000001,stop,-529.5,512.5
2026-07-08,ESU6,1,1783521720338474711,1783522028088660303,7502.250000000001,7491.250000000001,7491.500000000001,7534.500000000001,stop,-554.5,537.5
2026-07-09,ESU6,-1,1783604940333988293,1783609615480544933,7554.500000000001,7569.250000000001,7569.000000000001,7511.000000000001,stop,-742.0,725.0
2026-07-10,ESU6,1,1783694340349173065,1783695363820108593,7591.750000000001,7584.250000000001,7584.500000000001,7613.500000000001,stop,-379.5,362.5
2026-07-13,ESU6,1,1783952700250150597,1783953447464752945,7598.750000000001,7590.750000000001,7591.000000000001,7622.000000000001,stop,-404.5,387.5
2026-07-14,ESU6,1,1784038740264856865,1784039652047456055,7564.250000000001,7596.500000000001,7553.500000000001,7596.500000000001,target,1608.0,537.5
2026-07-15,ESU6,1,1784123760256768075,1784125453509597447,7612.000000000001,7604.500000000001,7604.750000000001,7633.750000000001,stop,-379.5,362.5
2026-07-16,ESU6,-1,1784211720546909637,1784213150496091847,7602.750000000001,7615.250000000001,7615.000000000001,7566.000000000001,stop,-629.5,612.5
2026-07-21,ESU6,-1,1784644140267274755,1784647294026927207,7528.750000000001,7541.500000000001,7541.250000000001,7491.250000000001,stop,-642.0,625.0
2026-07-22,ESU6,-1,1784728200378628115,1784728615440480835,7539.250000000001,7546.500000000001,7546.250000000001,7518.250000000001,stop,-367.0,350.0
2026-07-24,ESU6,-1,1784901060278507385,1784902448282770837,7448.250000000001,7455.000000000001,7454.750000000001,7428.750000000001,stop,-342.0,325.0
2026-07-28,ESU6,-1,1785250380488566543,1785252004793940631,7449.750000000001,7464.750000000001,7464.500000000001,7405.500000000001,stop,-754.5,737.5
2026-07-30,ESU6,-1,1785423180396570859,1785427375496232481,7419.500000000001,7430.750000000001,7430.500000000001,7386.500000000001,stop,-567.0,550.0
2026-07-31,ESU6,1,1785509640452254001,1785510722763981351,7480.500000000001,7462.250000000001,7462.500000000001,7534.500000000001,stop,-917.0,900.0
