day,symbol,high,low,opening,or_close,or_vwap,or_delta,or_volume,rvol
2025-12-01,ESZ5,6828.5,6812.75,6813.5,6818.0,6819.4505126163085,-13.0,99197.0,
2025-12-02,ESZ5,6854.75,6841.25,6844.25,6849.0,6847.618549216725,1973.0,76793.0,
2025-12-03,ESZ5,6838.75,6822.75,6829.25,6832.5,6832.47345726332,531.0,86097.0,
2025-12-04,ESZ5,6876.75,6859.5,6876.25,6861.5,6868.109725810604,-2619.0,104891.0,
2025-12-05,ESZ5,6886.25,6874.0,6875.25,6879.25,6881.09924874597,3411.0,85923.0,
2025-12-08,ESZ5,6886.25,6872.25,6885.75,6878.75,6879.997004598862,1445.0,73279.0,
2025-12-09,ESZ5,6860.5,6847.25,6850.5,6856.0,6854.0689505579585,388.0,74916.0,
2025-12-10,ESZ5,6848.5,6830.75,6843.5,6844.25,6840.434161046393,2457.0,73395.0,
2025-12-11,ESZ5,6875.25,6861.5,6868.0,6872.75,6868.265266099128,2583.0,95735.0,
2025-12-12,ESZ5,6903.0,6890.5,6896.25,6893.5,6897.080951593745,-1773.0,81663.0,
2025-12-15,ESH6,6931.75,6909.0,6930.75,6909.25,6918.424071591257,-1057.0,61907.0,0.7388087310395857
2025-12-16,ESH6,6874.5,6850.75,6861.5,6856.25,6864.911265901042,-2760.0,95434.0,1.1686320610313117
2025-12-17,ESH6,6871.25,6846.75,6865.5,6850.75,6858.557327743347,-5297.0,96005.0,1.1457400976215197
2025-12-18,ESH6,6850.25,6824.5,6839.75,6826.5,6838.191403701039,-450.0,119534.0,1.3911758202111193
2025-12-19,ESH6,6876.25,6845.75,6847.25,6876.0,6859.842487002832,3825.0,118295.0,1.375363329845367
2025-12-22,ESH6,6927.75,6911.75,6921.75,6914.75,6918.495764599602,-2417.0,80807.0,0.9385576733219508
2025-12-23,ESH6,6938.75,6918.75,6919.25,6938.5,6931.603739831546,2825.0,69455.0,0.8075223811184746
2025-12-26,ESH6,6993.0,6979.25,6983.5,6992.75,6986.754797737219,895.0,46845.0,0.5451974442233162
2025-12-29,ESH6,6967.75,6947.5,6951.25,6960.25,6958.347163772557,3339.0,73425.0,0.8762665139092765
2025-12-30,ESH6,6954.0,6946.25,6949.75,6946.5,6949.783392261958,1078.0,44404.0,0.5437468621040128
2025-12-31,ESH6,6947.5,6929.75,6945.25,6931.25,6937.962562827317,-38.0,56902.0,0.7004616236843725
2026-01-02,ESH6,6932.5,6911.75,6927.75,6919.75,6920.336855931528,1309.0,87743.0,1.113489847715736
2026-01-05,ESH6,6945.5,6932.75,6934.25,6942.75,6939.826132801493,5812.0,113568.0,1.3980180956484274
2026-01-06,ESH6,6954.25,6945.5,6946.75,6952.75,6949.917596861603,1260.0,74178.0,0.9131285775835539
2026-01-07,ESH6,6995.25,6984.25,6989.0,6994.75,6989.44269516072,3519.0,70775.0,0.9089858273986502
2026-01-08,ESH6,6958.75,6941.25,6953.75,6943.5,6951.172487814995,-1922.0,96430.0,1.2935463533073095
2026-01-09,ESH6,6987.25,6968.75,6970.25,6978.0,6978.218642979452,732.0,79424.0,1.0200676842855583
2026-01-12,ESH6,6995.5,6968.75,6969.5,6990.75,6984.066290225316,3353.0,91205.0,1.1384189077020053
2026-01-13,ESH6,7024.25,7012.0,7018.5,7014.25,7018.733061846362,2480.0,79746.0,0.9816704622391826
2026-01-14,ESH6,6979.75,6956.0,6972.25,6957.5,6968.602667210071,-95.0,110415.0,1.375433657421537
2026-01-15,ESH6,7009.75,6998.0,7009.0,7003.25,7004.694992564484,3267.0,97505.0,1.2146144886735222
2026-01-16,ESH6,7002.25,6990.5,6996.5,6990.75,6996.94617240917,-961.0,82049.0,0.9735864728567191
2026-01-20,ESH6,6889.75,6871.0,6871.75,6888.75,6879.314272571765,6736.0,139134.0,1.708675148597534
2026-01-21,ESH6,6863.5,6845.5,6852.75,6856.0,6853.475988686195,797.0,98287.0,1.207041803802132
2026-01-22,ESH6,6964.5,6946.25,6956.0,6951.25,6956.416078497078,3524.0,95494.0,1.1727415630986884
2026-01-23,ESH6,6940.5,6925.0,6935.0,6933.0,6932.814304029304,2370.0,68250.0,0.8381637765879059
2026-01-26,ESH6,6976.5,6952.0,6957.75,6975.5,6966.963316795435,2894.0,79212.0,0.9791649927377236
2026-01-27,ESH6,6996.75,6988.25,6994.25,6993.75,6993.169297987957,872.0,68090.0,0.8416823758459779
2026-01-28,ESH6,7029.75,7021.5,7022.75,7029.0,7025.4014887071835,3753.0,62739.0,0.7755369448994097
2026-01-29,ESH6,7021.5,6982.5,7015.0,6983.0,7005.388716177317,-5901.0,112905.0,1.395654995519021
2026-01-30,ESH6,6985.5,6961.0,6966.25,6974.75,6975.937720451652,334.0,95826.0,1.1287457595175274
2026-02-02,ESH6,6975.25,6941.75,6943.5,6973.5,6960.40586877607,-502.0,114598.0,1.2807966560118023
2026-02-03,ESH6,7017.0,6995.75,7009.5,6999.0,7006.560660779788,-534.0,97052.0,1.0396627726983005
2026-02-04,ESH6,6958.5,6935.5,6949.25,6952.25,6946.285604499172,-1708.0,113532.0,1.21620362187264
2026-02-05,ESH6,6877.75,6831.5,6853.5,6873.75,6855.100347330795,3037.0,163101.0,1.7050073175831069
2026-02-06,ESH6,6897.5,6850.25,6856.25,6897.25,6878.9652816404605,5264.0,147422.0,1.53360103195739
2026-02-09,ESH6,6957.0,6924.25,6935.5,6953.0,6941.189764836589,3902.0,108010.0,1.119982579661755
2026-02-10,ESH6,6996.25,6975.0,6989.75,6980.5,6986.556398275503,-363.0,81647.0,0.8393118726131673
2026-02-11,ESH6,7011.5,6991.5,7003.75,6994.0,7000.149775596494,-1253.0,100043.0,1.0284184069450084
2026-02-12,ESH6,6992.75,6978.75,6981.5,6979.25,6985.733853298277,-1714.0,93564.0,0.9557489580779602
2026-02-13,ESH6,6859.75,6808.75,6851.5,6839.0,6838.181218684553,1564.0,150884.0,1.5510518768278705
2026-02-17,ESH6,6862.0,6834.0,6835.0,6841.25,6848.778995995347,493.0,112619.0,1.1530621125325715
2026-02-18,ESH6,6888.75,6861.5,6873.75,6883.5,6873.503323704689,2884.0,109742.0,1.1066606161448092
2026-02-19,ESH6,6880.0,6857.0,6870.75,6878.25,6869.228396198248,3198.0,100480.0,1.0132607270710432
2026-02-20,ESH6,6884.0,6847.25,6852.75,6878.5,6864.272370299857,2706.0,100848.0,1.0058497030265854
2026-02-23,ESH6,6930.25,6904.25,6908.0,6905.5,6918.526272158175,3188.0,96804.0,0.9616546133672416
2026-02-24,ESH6,6873.0,6828.5,6847.5,6872.25,6846.609888946989,4761.0,120483.0,1.1968826988794405
2026-02-25,ESH6,6943.0,6929.75,6930.5,6938.0,6937.807287047221,383.0,84561.0,0.8097463348303632
2026-02-26,ESH6,6961.25,6937.0,6961.0,6942.25,6948.896676108911,-832.0,105554.0,1.0107728696051863
2026-02-27,ESH6,6867.5,6841.5,6855.75,6851.25,6857.515605172238,591.0,107961.0,1.0110411867168625
2026-03-02,ESH6,6849.0,6804.5,6811.25,6845.25,6831.897644955577,6724.0,129212.0,1.2103318268037375
2026-03-03,ESH6,6794.0,6754.25,6772.75,6757.0,6777.017510422871,2295.0,142715.0,1.3216126239171
2026-03-04,ESH6,6857.75,6822.75,6838.75,6824.25,6839.721536281237,-783.0,98081.0,0.9082793523204504
2026-03-05,ESH6,6866.25,6840.0,6842.25,6848.75,6854.530546364296,884.0,99128.0,0.917975098508596
2026-03-06,ESH6,6759.25,6722.25,6752.25,6728.0,6736.896189610749,2491.0,137007.0,1.283347774161066
2026-03-09,ESH6,6693.75,6654.0,6681.5,6661.25,6674.673347633391,297.0,98601.0,0.9235978736856896
2026-03-10,ESH6,6806.0,6775.5,6795.0,6789.5,6792.839987501736,358.0,100814.0,0.9768703791629926
2026-03-11,ESH6,6802.0,6788.5,6792.5,6790.5,6796.302744894524,1096.0,71296.0,0.7070841308724499
2026-03-12,ESH6,6732.0,6714.25,6726.75,6718.25,6723.278439971318,-443.0,96229.0,0.954359274429491
2026-03-13,ESH6,6733.75,6703.25,6706.5,6733.5,6715.552372548402,4039.0,95193.0,0.9440846565044481
2026-03-16,ESM6,6761.5,6740.5,6746.75,6760.5,6751.287305709599,140.0,51212.0,0.507899356348742
2026-03-17,ESM6,6804.25,6783.25,6787.75,6799.25,6796.59309293742,385.0,72339.0,0.7187397537929595
2026-03-18,ESM6,6758.5,6741.75,6746.5,6750.25,6750.221488643669,2908.0,74672.0,0.7481864454330488
2026-03-19,ESM6,6637.0,6611.75,6629.25,6633.75,6622.463765186228,-991.0,100173.0,1.0132352866802543
2026-03-20,ESM6,6642.75,6622.5,6642.75,6638.75,6631.155827999064,1752.0,94046.0,0.9512615751862398
2026-03-23,ESM6,6674.0,6638.0,6658.0,6658.0,6655.206442925212,1176.0,96540.0,0.9816861736203618
2026-03-24,ESM6,6606.0,6573.5,6589.25,6583.25,6591.753152421751,-708.0,86838.0,0.8830294587201676
2026-03-25,ESM6,6684.75,6660.75,6661.75,6664.5,6674.409423453681,515.0,89325.0,0.9179379409210723
2026-03-26,ESM6,6603.5,6579.75,6593.0,6603.25,6588.236982099638,3518.0,83462.0,0.8576875054593286
2026-03-27,ESM6,6495.75,6466.25,6494.75,6479.25,6478.673165149229,-3267.0,98741.0,1.0244489518542919
2026-03-30,ESM6,6471.25,6434.75,6467.75,6438.75,6452.961606403694,-1869.0,85763.0,0.8898007459705658
2026-03-31,ESM6,6473.0,6450.5,6457.25,6460.25,6462.29360429224,417.0,89091.0,0.9308334465212985
2026-04-01,ESM6,6628.5,6601.25,6606.25,6607.5,6614.738151929795,2548.0,96176.0,1.0164500974957593
2026-04-02,ESM6,6538.5,6514.25,6527.75,6520.5,6527.296153675056,-1607.0,89917.0,0.9503009421947907
2026-04-06,ESM6,6642.25,6617.75,6621.75,6631.0,6629.162866280128,1422.0,76922.0,0.8362768600207651
2026-04-07,ESM6,6639.0,6611.0,6629.5,6612.5,6620.884979163262,-138.0,73428.0,0.8193169011727162
2026-04-08,ESM6,6836.75,6813.25,6829.5,6816.25,6823.0923640211495,2640.0,142228.0,1.5943413146802978
2026-04-09,ESM6,6821.75,6808.75,6812.75,6819.25,6814.300303398888,357.0,73171.0,0.8202291274325173
2026-04-10,ESM6,6881.5,6866.75,6875.0,6870.5,6872.625877340576,-262.0,83206.0,0.9327190386512421
2026-04-13,ESM6,6840.0,6826.5,6834.75,6830.25,6833.747330910128,-1535.0,70155.0,0.7975376430264481
2026-04-14,ESM6,6961.25,6937.5,6937.75,6960.0,6949.081959711668,4085.0,97249.0,1.1268648501457117
2026-04-15,ESM6,7024.75,7004.0,7014.25,7005.25,7017.244077603068,1415.0,91517.0,1.040385610104076
2026-04-16,ESM6,7074.0,7062.0,7071.5,7069.25,7068.846427956961,-3079.0,75559.0,0.8469980270827728
2026-04-17,ESM6,7135.5,7119.25,7121.25,7130.75,7127.423802544058,2992.0,116664.0,1.3077750874361045
2026-04-20,ESM6,7154.5,7142.25,7148.25,7148.5,7148.854864507601,876.0,75650.0,0.8480181149672675
2026-04-21,ESM6,7164.0,7147.0,7162.5,7156.5,7153.9381298623575,-2448.0,83550.0,0.9498149821803114
2026-04-22,ESM6,7152.25,7140.75,7150.25,7145.75,7146.712629715039,574.0,60710.0,0.7034721699179032
2026-04-23,ESM6,7163.75,7149.75,7152.25,7163.75,7156.432638634882,2995.0,62881.0,0.7427781682446121
2026-04-24,ESM6,7166.75,7150.75,7162.5,7154.75,7157.2491984869275,-217.0,86711.0,1.038380475654444
2026-04-27,ESM6,7198.5,7183.25,7186.25,7191.5,7192.587500702761,-798.0,71148.0,0.8404316266323318
2026-04-28,ESM6,7183.0,7161.75,7172.0,7177.75,7171.593276989388,1217.0,88859.0,1.0657367650939096
2026-04-29,ESM6,7165.0,7152.5,7163.25,7153.25,7157.041018482477,277.0,74503.0,0.8935570534193672
2026-04-30,ESM6,7200.75,7166.75,7200.0,7181.5,7181.525580759897,176.0,107962.0,1.3484462430055955
2026-05-01,ESM6,7277.5,7258.75,7264.5,7276.25,7271.089611487485,4337.0,84579.0,1.056392386091127
2026-05-04,ESM6,7253.0,7242.25,7250.5,7249.25,7248.389292657395,406.0,66870.0,0.8352068345323741
2026-05-05,ESM6,7274.0,7264.25,7267.5,7271.5,7269.5267987912985,353.0,64863.0,0.8166263786070403
2026-05-06,ESM6,7345.000000000001,7327.250000000001,7331.000000000001,7340.750000000001,7337.595827622199,3049.0,79523.0,1.0011960517701566
2026-05-07,ESM6,7400.250000000001,7390.000000000001,7399.250000000001,7391.000000000001,7393.995433401407,90.0,70512.0,0.9088179000212666
2026-05-08,ESM6,7401.250000000001,7391.750000000001,7395.750000000001,7399.500000000001,7397.133745161148,-1177.0,67423.0,0.8690042726505255
2026-05-11,ESM6,7429.500000000001,7410.000000000001,7410.000000000001,7429.500000000001,7420.539183765683,2912.0,75248.0,0.9952846722086648
2026-05-12,ESM6,7417.500000000001,7400.250000000001,7414.000000000001,7412.250000000001,7407.941958188887,-1517.0,85671.0,1.1331468364978274
2026-05-13,ESM6,7429.500000000001,7409.500000000001,7429.250000000001,7413.500000000001,7417.38111744333,371.0,86331.0,1.1418764756066107
2026-05-14,ESM6,7500.500000000001,7479.750000000001,7481.000000000001,7498.250000000001,7492.134542306191,3203.0,74209.0,0.9815421039752925
2026-05-15,ESM6,7462.000000000001,7427.000000000001,7459.500000000001,7427.500000000001,7440.863941668831,-574.0,130942.0,1.7355034526633886
2026-05-18,ESM6,7440.750000000001,7419.500000000001,7438.500000000001,7420.000000000001,7429.177432971882,-485.0,102457.0,1.3579636575700142
2026-05-19,ESM6,7396.000000000001,7373.500000000001,7386.750000000001,7375.000000000001,7385.535868958111,-3027.0,116375.0,1.5038346977146881
2026-05-20,ESM6,7400.000000000001,7380.750000000001,7395.000000000001,7398.250000000001,7390.759595046137,2815.0,97863.0,1.2646167563690873
2026-05-21,ESM6,7424.500000000001,7411.250000000001,7423.750000000001,7413.250000000001,7417.29246332972,-2381.0,87605.0,1.0676896076830265
2026-05-22,ESM6,7516.250000000001,7491.000000000001,7496.750000000001,7508.500000000001,7506.431179114919,1179.0,87201.0,1.024387665198238
2026-05-26,ESM6,7540.750000000001,7525.000000000001,7534.000000000001,7540.000000000001,7532.70544578667,2660.0,81788.0,0.960798825256975
2026-05-27,ESM6,7546.250000000001,7525.500000000001,7542.000000000001,7528.250000000001,7538.530070227477,-2656.0,91702.0,1.0772628487518356
2026-05-28,ESM6,7537.250000000001,7525.250000000001,7535.250000000001,7528.500000000001,7529.903671022618,-2729.0,56551.0,0.6643289280469897
2026-05-29,ESM6,7606.000000000001,7586.750000000001,7590.750000000001,7605.750000000001,7595.44598488818,6762.0,72526.0,0.8519941262848751
2026-06-01,ESM6,7595.000000000001,7576.250000000001,7583.000000000001,7591.250000000001,7587.169806544808,1114.0,74074.0,0.8904890994007225
2026-06-02,ESM6,7605.250000000001,7595.500000000001,7598.250000000001,7601.000000000001,7600.322089734994,98.0,68602.0,0.8505557587517281
2026-06-03,ESM6,7614.750000000001,7592.000000000001,7608.500000000001,7592.500000000001,7605.863468353815,-8415.0,82111.0,1.0180458865173485
2026-06-04,ESM6,7561.500000000001,7541.750000000001,7548.250000000001,7548.250000000001,7551.648961716538,-2450.0,86826.0,1.0595061592810207
2026-06-05,ESM6,7553.000000000001,7526.500000000001,7547.750000000001,7527.250000000001,7541.558685813505,-1898.0,105396.0,1.256344542322776
2026-06-08,ESM6,7469.250000000001,7438.000000000001,7457.250000000001,7450.500000000001,7451.280391586446,2792.0,113436.0,1.3190079185125754
2026-06-09,ESM6,7475.250000000001,7454.500000000001,7458.500000000001,7475.250000000001,7464.1414707246595,5179.0,84081.0,0.9711533463850726
2026-06-10,ESM6,7382.500000000001,7335.250000000001,7355.000000000001,7382.250000000001,7359.150394650181,4704.0,94134.0,1.0872676241792132
2026-06-11,ESM6,7311.000000000001,7283.0,7308.000000000001,7291.25,7294.7577693658,2019.0,101971.0,1.1718986134335476
2026-06-12,ESM6,7424.750000000001,7374.000000000001,7423.500000000001,7375.500000000001,7400.860848666102,-2950.0,96634.0,1.1056142237680628
2026-06-15,ESU6,7616.000000000001,7598.500000000001,7599.250000000001,7609.500000000001,7608.840467660514,3243.0,67549.0,0.7534452084971585
2026-06-16,ESU6,7636.750000000001,7624.250000000001,7627.750000000001,7630.500000000001,7631.9620496383695,-165.0,59591.0,0.681795819365468
2026-06-17,ESU6,7598.000000000001,7583.250000000001,7595.750000000001,7598.000000000001,7589.828875901281,974.0,62966.0,0.7236348382722221
2026-06-18,ESU6,7581.500000000001,7537.000000000001,7577.250000000001,7538.250000000001,7558.333170854695,-2524.0,118990.0,1.392453205544536
2026-06-22,ESU6,7596.750000000001,7571.500000000001,7573.250000000001,7578.500000000001,7584.599280776809,-281.0,85787.0,1.0039027073203555
2026-06-23,ESU6,7447.000000000001,7415.250000000001,7429.500000000001,7442.250000000001,7429.011571057434,915.0,118939.0,1.4003696988249699
2026-06-24,ESU6,7468.000000000001,7438.250000000001,7447.250000000001,7452.500000000001,7453.397630324784,3668.0,101976.0,1.2006499164056796
2026-06-25,ESU6,7490.500000000001,7436.250000000001,7485.750000000001,7438.750000000001,7465.750010985632,-1329.0,113785.0,1.318382740581532
2026-06-26,ESU6,7388.250000000001,7360.000000000001,7380.750000000001,7384.250000000001,7375.7399568327455,-693.0,88493.0,1.025334128947414
2026-06-29,ESU6,7483.500000000001,7444.500000000001,7457.250000000001,7483.500000000001,7467.2477109780675,6414.0,108234.0,1.234709301330717
2026-06-30,ESU6,7510.500000000001,7495.750000000001,7500.000000000001,7506.000000000001,7503.1302052869605,-1.0,70097.0,0.7676520996347747
2026-07-01,ESU6,7534.000000000001,7505.750000000001,7532.250000000001,7515.000000000001,7516.50178290421,-1538.0,119468.0,1.3083279033220718
2026-07-02,ESU6,7583.500000000001,7551.500000000001,7555.250000000001,7578.500000000001,7567.49704208702,507.0,99817.0,1.0464752998406441
2026-07-06,ESU6,7573.000000000001,7552.500000000001,7564.750000000001,7565.000000000001,7563.810214698709,995.0,74197.0,0.75537411364666
2026-07-07,ESU6,7587.500000000001,7569.000000000001,7580.500000000001,7580.000000000001,7577.542411101476,-1239.0,74945.0,0.7629892441372149
2026-07-08,ESU6,7523.250000000001,7501.750000000001,7507.000000000001,7518.750000000001,7512.464067318592,754.0,75878.0,0.795500293550281
2026-07-09,ESU6,7559.250000000001,7530.250000000001,7546.750000000001,7558.000000000001,7546.560395720779,-859.0,83847.0,0.9182322438631747
2026-07-10,ESU6,7604.500000000001,7590.000000000001,7592.250000000001,7594.250000000001,7596.29528904371,857.0,60285.0,0.6601981087133885
2026-07-13,ESU6,7609.750000000001,7594.500000000001,7595.500000000001,7601.000000000001,7602.493518859005,938.0,76144.0,0.8738122561395456
2026-07-14,ESU6,7585.500000000001,7564.250000000001,7579.500000000001,7583.250000000001,7574.504053899011,2241.0,78443.0,0.9248499711142814
2026-07-15,ESU6,7626.250000000001,7611.750000000001,7612.500000000001,7613.500000000001,7618.151811410193,2243.0,76791.0,0.9463429662949042
2026-07-16,ESU6,7604.250000000001,7579.750000000001,7597.000000000001,7582.000000000001,7591.404476559747,-3616.0,79436.0,0.9789389364717481
2026-07-17,ESU6,7492.250000000001,7473.000000000001,7485.250000000001,7475.750000000001,7481.647343509793,-2140.0,119688.0,1.4660191201778507
2026-07-20,ESU6,7551.500000000001,7532.750000000001,7534.500000000001,7550.250000000001,7544.119818269303,1452.0,81054.0,0.9556338941485787
2026-07-21,ESU6,7530.250000000001,7505.500000000001,7526.000000000001,7508.000000000001,7517.0179044781735,-688.0,85258.0,1.0340507334703852
2026-07-22,ESU6,7539.250000000001,7525.250000000001,7527.750000000001,7537.500000000001,7533.489198725847,1598.0,56822.0,0.6891650141600112
2026-07-23,ESU6,7486.250000000001,7445.000000000001,7453.500000000001,7479.000000000001,7467.907909201095,-465.0,106433.0,1.3263505514362266
2026-07-24,ESU6,7455.000000000001,7442.250000000001,7444.000000000001,7446.500000000001,7448.513229805386,2270.0,67518.0,0.8413982179575051
2026-07-27,ESU6,7514.000000000001,7492.500000000001,7507.750000000001,7493.250000000001,7505.1944162208065,-302.0,77752.0,0.9849568340311251
2026-07-28,ESU6,7452.500000000001,7423.250000000001,7449.750000000001,7428.250000000001,7440.04519895254,-1786.0,92032.0,1.1784244053906976
2026-07-29,ESU6,7461.000000000001,7444.250000000001,7456.250000000001,7453.250000000001,7453.036854958837,883.0,86603.0,1.108908735875028
2026-07-30,ESU6,7421.500000000001,7399.750000000001,7414.500000000001,7417.500000000001,7409.294028422027,1505.0,104989.0,1.3299932226578581
2026-07-31,ESU6,7515.500000000001,7479.750000000001,7499.000000000001,7482.750000000001,7500.867241787746,-1596.0,101312.0,1.283413246853603
