day,symbol,open,close,high,low,p1000,p1500,p1530,entry,exit1558,volume,vol_last30,range,prior_close,pair_ok,pair_reason,mean_range20,vol_med20,r_early,r_first,r_12th,r_last,r_trade,sgn,month,phase,r_to1500,signed_last,abs_early_norm,entry1500,exit1530,sgn1500,sgn12th,abs1500_norm
2025-12-02,ESZ5,6844.25,6839.25,6863.5,6818.0,6848.25,6848.0,6849.75,6849.5,6840.0,1220764.0,128715.0,45.5,6829.0,True,,,,20.75,19.25,1.75,-10.5,-9.5,1.0,2025-12,dev(Dec-Apr),19.0,-10.5,,6848.25,6849.5,1.0,1.0,
2025-12-03,ESZ5,6829.25,6862.5,6873.25,6820.25,6832.75,6870.25,6869.25,6869.0,6861.5,1007513.0,146289.0,53.0,6839.25,True,,,,30.0,-6.5,-1.0,-6.75,-7.5,1.0,2025-12,dev(Dec-Apr),31.0,-6.75,,6870.25,6869.0,1.0,-1.0,
2025-12-04,ESZ5,6876.25,6867.5,6876.75,6836.25,6853.5,6855.5,6850.5,6850.5,6863.25,1095598.0,134644.0,40.5,6862.5,True,,,,-12.0,-9.0,-5.0,17.0,12.75,-1.0,2025-12,dev(Dec-Apr),-7.0,-17.0,,6855.25,6850.5,-1.0,-1.0,
2025-12-05,ESZ5,6875.25,6876.75,6905.0,6866.5,6889.75,6883.25,6881.0,6880.75,6873.75,1081564.0,138402.0,38.5,6867.5,True,,,,13.5,22.25,-2.25,-4.25,-7.0,1.0,2025-12,dev(Dec-Apr),15.75,-4.25,,6883.25,6880.75,1.0,-1.0,
2025-12-08,ESZ5,6885.75,6856.5,6886.25,6835.25,6874.0,6843.0,6846.0,6846.0,6848.0,965025.0,125677.0,51.0,6876.75,True,,,,-30.75,-2.75,3.0,10.5,2.0,-1.0,2025-12,dev(Dec-Apr),-33.75,-10.5,,6843.0,6846.0,-1.0,1.0,
2025-12-09,ESZ5,6850.5,6849.5,6872.75,6844.5,6863.0,6855.25,6851.75,6851.75,6846.75,757375.0,105660.0,28.25,6856.5,True,,,,-4.75,6.5,-3.5,-2.25,-5.0,-1.0,2025-12,dev(Dec-Apr),-1.25,2.25,,6855.0,6851.75,-1.0,-1.0,
2025-12-10,ESZ5,6843.5,6892.0,6908.0,6830.75,6849.0,6896.75,6899.5,6899.25,6892.5,1151867.0,157594.0,77.25,6849.5,True,,,,50.0,-0.5,2.75,-7.5,-6.75,1.0,2025-12,dev(Dec-Apr),47.25,-7.5,,6896.75,6899.25,1.0,1.0,
2025-12-11,ESZ5,6868.0,6908.0,6909.25,6838.0,6842.75,6905.25,6901.0,6900.75,6902.5,1209466.0,119248.0,71.25,6892.0,True,,,,9.0,-49.25,-4.25,7.0,1.75,1.0,2025-12,dev(Dec-Apr),13.25,7.0,,6905.25,6900.75,1.0,-1.0,
2025-12-12,ESZ5,6896.25,6831.25,6903.0,6805.0,6889.0,6833.5,6827.25,6827.25,6828.75,1587047.0,188032.0,98.0,6908.0,True,,,,-80.75,-19.0,-6.25,4.0,1.5,-1.0,2025-12,dev(Dec-Apr),-74.5,-4.0,,6833.5,6827.25,-1.0,-1.0,
2025-12-16,ESH6,6861.5,6855.25,6880.5,6817.5,6877.5,6847.0,6859.5,6859.25,6865.25,1385966.0,143473.0,63.0,6879.0,True,,55.79545454545455,1095598.0,-19.5,-1.5,12.5,-4.25,6.0,-1.0,2025-12,dev(Dec-Apr),-32.0,4.25,0.3494908350305499,6847.0,6859.25,-1.0,1.0,0.5735234215885947
2025-12-17,ESH6,6865.5,6777.0,6871.25,6775.5,6857.75,6794.5,6788.5,6788.5,6776.75,1328533.0,180669.0,95.75,6855.25,True,,56.395833333333336,1114262.0,-66.75,2.5,-6.0,-11.5,-11.75,-1.0,2025-12,dev(Dec-Apr),-60.75,11.5,1.1835980790543037,6794.5,6788.5,-1.0,-1.0,1.0772072404876247
2025-12-18,ESH6,6839.75,6828.5,6872.0,6811.75,6844.5,6820.5,6840.25,6840.0,6833.75,1664448.0,181373.0,60.25,6777.0,True,,59.42307692307692,1132926.0,63.25,67.5,19.75,-11.75,-6.25,1.0,2025-12,dev(Dec-Apr),43.5,-11.75,1.0644012944983818,6820.5,6840.0,1.0,1.0,0.7320388349514564
2025-12-19,ESH6,6847.25,6888.5,6893.75,6845.75,6880.5,6888.5,6887.75,6887.75,6885.75,985481.0,202329.0,48.0,6828.5,True,,59.482142857142854,1142396.5,59.25,52.0,-0.75,0.75,-2.0,1.0,2025-12,dev(Dec-Apr),60.0,0.75,0.9960972680876614,6888.75,6887.75,1.0,-1.0,1.0087060942659862
2025-12-22,ESH6,6921.75,6929.5,6936.25,6908.5,6922.25,6930.25,6931.5,6931.5,6931.25,777562.0,129991.0,27.75,6888.5,True,,58.71666666666667,1132926.0,43.0,33.75,1.25,-2.0,-0.25,1.0,2025-12,dev(Dec-Apr),41.75,-2.0,0.7323304002270792,6930.0,6931.5,1.0,1.0,0.7110417258018734
2025-12-23,ESH6,6919.25,6960.25,6963.75,6918.75,6935.0,6960.0,6960.0,6960.0,6962.5,667028.0,117763.0,45.0,6929.5,True,,56.78125,1114262.0,30.5,5.5,0.0,0.25,2.5,1.0,2025-12,dev(Dec-Apr),30.5,0.25,0.5371491469455146,6960.25,6960.0,1.0,0.0,0.5371491469455146
2025-12-29,ESH6,6951.25,6955.25,6967.75,6936.0,6951.25,6959.0,6958.5,6958.25,6952.75,674244.0,91904.0,31.75,6980.0,True,,54.361111111111114,1088581.0,-21.5,-28.75,-0.5,-3.25,-5.5,-1.0,2025-12,dev(Dec-Apr),-21.0,3.25,0.3955033214103219,6959.25,6958.25,-1.0,-1.0,0.3863055697496167
2025-12-30,ESH6,6949.75,6945.25,6961.5,6940.75,6956.0,6950.0,6949.75,6950.0,6947.75,602123.0,95896.0,20.75,6955.25,True,,53.171052631578945,1081564.0,-5.5,0.75,-0.25,-4.5,-2.25,-1.0,2025-12,dev(Dec-Apr),-5.25,4.5,0.10343974263796091,6950.0,6950.0,-1.0,-1.0,0.09873793615441723
2025-12-31,ESH6,6945.25,6891.75,6947.5,6890.25,6932.0,6913.25,6899.5,6899.25,6897.5,759432.0,195488.0,57.25,6945.25,True,,51.55,1044538.5,-45.75,-13.25,-13.75,-7.75,-1.75,-1.0,2025-12,dev(Dec-Apr),-32.0,7.75,0.8874878758486906,6913.5,6899.25,-1.0,-1.0,0.6207565470417071
2026-01-02,ESH6,6927.75,6900.25,6939.75,6866.75,6932.75,6900.25,6901.5,6901.25,6893.25,1311291.0,150581.0,73.0,6891.75,True,,52.2625,996497.0,9.75,41.0,1.25,-1.25,-8.0,1.0,2026-01,dev(Dec-Apr),8.5,-1.25,0.18655823965558477,6900.5,6901.25,1.0,1.0,0.1626405166228175
2026-01-05,ESH6,6934.25,6946.25,6963.5,6932.75,6939.0,6944.75,6948.0,6948.0,6943.25,989311.0,161681.0,30.75,6900.25,True,,53.6375,996497.0,47.75,38.75,3.25,-1.75,-4.75,1.0,2026-01,dev(Dec-Apr),44.5,-1.75,0.8902353763691446,6944.5,6948.0,1.0,1.0,0.8296434397576322
2026-01-06,ESH6,6946.75,6986.25,6991.5,6945.5,6969.0,6986.75,6988.0,6988.0,6989.25,941661.0,133379.0,46.0,6946.25,True,,52.525,987396.0,41.75,22.75,1.25,-1.75,1.25,1.0,2026-01,dev(Dec-Apr),40.5,-1.75,0.794859590671109,6986.75,6988.0,1.0,1.0,0.7710613993336507
2026-01-07,ESH6,6989.0,6963.0,7006.75,6959.25,6992.5,6984.25,6970.0,6970.25,6962.25,1016255.0,156075.0,47.5,6986.25,True,,52.8,975253.0,-16.25,6.25,-14.25,-7.0,-8.0,-1.0,2026-01,dev(Dec-Apr),-2.0,7.0,0.30776515151515155,6984.25,6970.25,-1.0,-1.0,0.03787878787878788
2026-01-08,ESH6,6953.75,6961.0,6972.5,6940.0,6948.25,6955.25,6962.25,6962.5,6963.0,1044040.0,117452.0,32.5,6963.0,True,,53.25,975253.0,-0.75,-14.75,7.0,-1.25,0.5,-1.0,2026-01,dev(Dec-Apr),-7.75,1.25,0.014084507042253521,6955.0,6962.5,-1.0,1.0,0.14553990610328638
2026-01-09,ESH6,6970.25,7004.75,7017.5,6955.75,6979.5,7013.5,7015.0,7014.75,7008.5,1065467.0,145458.0,61.75,6961.0,True,,52.325,987396.0,54.0,18.5,1.5,-10.25,-6.25,1.0,2026-01,dev(Dec-Apr),52.5,-10.25,1.0320114667940754,7013.75,7014.75,1.0,1.0,1.0033444816053512
2026-01-12,ESH6,6969.5,7016.0,7025.25,6968.75,6999.75,7024.0,7017.5,7017.25,7017.75,723609.0,108540.0,56.5,7004.75,True,,54.0,1002783.0,12.75,-5.0,-6.5,-1.5,0.5,1.0,2026-01,dev(Dec-Apr),19.25,-1.5,0.2361111111111111,7024.0,7017.25,1.0,-1.0,0.35648148148148145
2026-01-13,ESH6,7018.5,7000.75,7024.25,6976.75,7005.25,6992.5,6983.0,6983.0,7000.0,1090021.0,152695.0,47.5,7016.0,True,,52.9625,987396.0,-33.0,-10.75,-9.5,17.75,17.0,-1.0,2026-01,dev(Dec-Apr),-23.5,-17.75,0.623082369601133,6992.25,6983.0,-1.0,-1.0,0.44371017229171583
2026-01-14,ESH6,6972.25,6968.0,6979.75,6923.25,6949.25,6943.25,6954.5,6954.5,6965.0,1435544.0,199613.0,56.5,7000.75,True,,51.775,987396.0,-46.25,-51.5,11.25,13.5,10.5,-1.0,2026-01,dev(Dec-Apr),-57.5,-13.5,0.8932882665379044,6943.0,6954.5,-1.0,1.0,1.110574601641719
2026-01-15,ESH6,7009.0,6984.75,7017.25,6974.75,6998.75,6989.75,6980.25,6980.25,6979.75,994119.0,135026.0,42.5,6968.0,True,,49.7,987396.0,12.25,30.75,-9.5,4.5,-0.5,1.0,2026-01,dev(Dec-Apr),21.75,4.5,0.2464788732394366,6989.75,6980.25,1.0,-1.0,0.43762575452716296
2026-01-16,ESH6,6996.5,6976.5,7002.25,6960.5,6979.0,6987.25,6982.0,6982.25,6979.0,1001715.0,151978.0,41.75,6984.75,True,,48.45,991715.0,-2.75,-5.75,-5.25,-5.5,-3.25,-1.0,2026-01,dev(Dec-Apr),2.5,5.5,0.05675954592363261,6987.25,6982.25,1.0,-1.0,0.05159958720330237
2026-01-21,ESH6,6852.75,6911.0,6945.25,6837.25,6881.25,6942.25,6910.5,6910.5,6906.25,1738158.0,193662.0,108.0,6833.75,True,,46.725,991715.0,76.75,47.5,-31.75,0.5,-4.25,1.0,2026-01,dev(Dec-Apr),108.5,0.5,1.64258962011771,6942.5,6910.5,1.0,-1.0,2.3220973782771535
2026-01-22,ESH6,6956.0,6946.0,6969.0,6925.5,6936.0,6944.5,6938.25,6938.25,6944.75,1016203.0,162435.0,43.5,6911.0,True,,49.1125,991715.0,27.25,25.0,-6.25,7.75,6.5,1.0,2026-01,dev(Dec-Apr),33.5,7.75,0.5548485619750573,6944.5,6938.25,1.0,-1.0,0.6821074064647493
2026-01-23,ESH6,6935.0,6945.5,6964.0,6925.0,6941.75,6949.5,6942.5,6942.5,6946.5,935638.0,130299.0,39.0,6946.0,True,,48.8875,997917.0,-3.5,-4.25,-7.0,3.0,4.0,-1.0,2026-01,dev(Dec-Apr),3.5,-3.0,0.07159294298133469,6949.5,6942.5,1.0,-1.0,0.07159294298133469
2026-01-26,ESH6,6957.75,6980.75,6995.5,6952.0,6976.5,6989.5,6989.0,6989.0,6981.25,772587.0,132778.0,43.5,6945.5,True,,49.45,997917.0,43.5,31.0,-0.5,-8.25,-7.75,1.0,2026-01,dev(Dec-Apr),44.0,-8.25,0.8796764408493427,6989.5,6989.0,1.0,-1.0,0.8897876643073811
2026-01-27,ESH6,6994.25,7008.75,7018.5,6988.25,7005.0,7013.75,7013.25,7013.25,7010.5,740540.0,124891.0,30.25,6980.75,True,,49.375,997917.0,32.5,24.25,-0.5,-4.5,-2.75,1.0,2026-01,dev(Dec-Apr),33.0,-4.5,0.6582278481012658,7014.0,7013.25,1.0,-1.0,0.6683544303797468
2026-01-28,ESH6,7022.75,7006.5,7031.0,6991.25,7023.75,7001.25,7006.25,7006.25,7011.75,880256.0,134710.0,39.75,7008.75,True,,49.6375,997917.0,-2.5,15.0,5.0,0.25,5.5,-1.0,2026-01,dev(Dec-Apr),-7.5,-0.25,0.0503651473180559,7001.25,7006.25,-1.0,1.0,0.15109544195416771
2026-01-29,ESH6,7015.0,6989.75,7021.5,6898.25,6966.5,6962.0,6966.5,6966.5,6995.0,1622826.0,183020.0,123.25,7006.5,True,,50.0375,997917.0,-40.0,-40.0,4.5,23.25,28.5,-1.0,2026-01,dev(Dec-Apr),-44.5,-23.25,0.7994004496627529,6962.25,6966.5,-1.0,1.0,0.8893330002498127
2026-01-30,ESH6,6966.25,6967.75,6991.25,6918.75,6965.25,6953.5,6948.25,6948.5,6964.5,1597044.0,249676.0,72.5,6989.75,True,,55.1625,1008959.0,-41.5,-24.5,-5.25,19.5,16.0,-1.0,2026-01,dev(Dec-Apr),-36.25,-19.5,0.7523226829820984,6953.5,6948.5,-1.0,-1.0,0.6571493315205076
2026-02-02,ESH6,6943.5,7003.25,7017.25,6941.75,6974.75,7003.0,7005.75,7005.5,7005.0,1006690.0,130501.0,75.5,6967.75,True,,55.925,1016229.0,38.0,7.0,2.75,-2.5,-0.5,1.0,2026-02,dev(Dec-Apr),35.25,-2.5,0.6794814483683504,7003.0,7005.5,1.0,1.0,0.6303084488153777
2026-02-03,ESH6,7009.5,6940.5,7017.0,6886.25,6981.5,6914.5,6921.75,6921.75,6941.25,1656746.0,174652.0,130.75,7003.25,True,,56.05,1011446.5,-81.5,-21.75,7.25,18.75,19.5,-1.0,2026-02,dev(Dec-Apr),-88.75,-18.75,1.4540588760035684,6914.25,6921.75,-1.0,1.0,1.5834076717216772
2026-02-04,ESH6,6949.25,6906.25,6960.75,6862.5,6928.0,6928.25,6920.75,6920.75,6906.25,1783765.0,109671.0,98.25,6940.5,True,,61.05,1016229.0,-19.75,-12.5,-7.5,-14.5,-14.5,-1.0,2026-02,dev(Dec-Apr),-12.25,14.5,0.3235053235053235,6928.25,6920.75,-1.0,-1.0,0.20065520065520068
2026-02-05,ESH6,6853.5,6818.0,6881.25,6801.5,6850.0,6834.5,6821.75,6821.5,6822.75,1586797.0,153147.0,79.75,6906.25,True,,63.6625,1030147.5,-84.5,-56.25,-12.75,-3.75,1.25,-1.0,2026-02,dev(Dec-Apr),-71.75,3.75,1.327311996858433,6834.5,6821.5,-1.0,-1.0,1.127037109758492
2026-02-06,ESH6,6856.25,6948.75,6965.5,6850.25,6890.25,6935.5,6939.5,6939.5,6957.75,1297208.0,201725.0,115.25,6818.0,True,,65.275,1054753.5,121.5,72.25,4.0,9.25,18.25,1.0,2026-02,dev(Dec-Apr),117.5,9.25,1.8613558023745689,6935.5,6939.5,1.0,1.0,1.8000765990042127
2026-02-09,ESH6,6935.5,6980.25,7000.5,6924.25,6945.25,6995.5,6987.0,6987.0,6985.75,878619.0,135559.0,76.25,6948.75,True,,69.4125,1077744.0,38.25,-3.5,-8.5,-6.75,-1.25,1.0,2026-02,dev(Dec-Apr),46.75,-6.75,0.5510534846029174,6995.75,6987.0,1.0,-1.0,0.6735098145146768
2026-02-10,ESH6,6989.75,6961.25,7006.5,6957.0,6998.0,6978.5,6973.75,6973.5,6959.0,936052.0,159903.0,49.5,6980.25,True,,70.1375,1053112.0,-6.5,17.75,-4.75,-12.5,-14.5,-1.0,2026-02,dev(Dec-Apr),-1.75,12.5,0.09267510247727677,6978.5,6973.5,-1.0,-1.0,0.024950989128497594
2026-02-11,ESH6,7003.75,6959.0,7011.5,6931.0,6981.0,6968.75,6962.0,6962.0,6965.0,1217734.0,125769.0,80.5,6961.25,True,,69.7875,1053112.0,0.75,19.75,-6.75,-3.0,3.0,1.0,2026-02,dev(Dec-Apr),7.5,-3.0,0.010746910263299303,6968.5,6962.0,1.0,-1.0,0.10746910263299303
2026-02-12,ESH6,6981.5,6850.75,6992.75,6842.0,6967.25,6889.75,6870.25,6870.0,6851.25,1777870.0,220508.0,150.75,6959.0,True,,71.4375,1116968.5,-88.75,8.25,-19.5,-19.5,-18.75,-1.0,2026-02,dev(Dec-Apr),-69.25,19.5,1.242344706911636,6890.0,6870.0,-1.0,-1.0,0.9693788276465442
2026-02-13,ESH6,6851.5,6850.0,6897.75,6808.75,6833.5,6858.75,6841.0,6841.0,6847.5,1325529.0,167424.0,89.0,6850.75,True,,76.15,1116968.5,-9.75,-17.25,-17.75,9.0,6.5,-1.0,2026-02,dev(Dec-Apr),8.0,-9.0,0.12803676953381482,6858.75,6841.0,1.0,-1.0,0.10505581089954037
2026-02-18,ESH6,6873.75,6895.5,6925.75,6861.5,6895.5,6879.25,6875.25,6875.25,6902.0,1056888.0,147430.0,64.25,6862.5,True,,81.025,1298231.0,12.75,33.0,-4.0,20.25,26.75,1.0,2026-02,dev(Dec-Apr),16.75,20.25,0.15735883986423943,6879.5,6875.25,1.0,-1.0,0.20672631903733416
2026-02-19,ESH6,6870.75,6878.0,6894.5,6847.75,6882.5,6857.75,6861.5,6861.25,6872.25,992457.0,101560.0,46.75,6895.5,True,,80.1125,1257471.0,-34.0,-13.0,3.75,16.5,11.0,-1.0,2026-02,dev(Dec-Apr),-37.75,-16.5,0.4244031830238727,6857.5,6861.25,-1.0,1.0,0.47121235762209396
2026-02-20,ESH6,6852.75,6924.75,6931.5,6847.25,6878.75,6911.25,6914.5,6914.5,6921.0,1475602.0,110701.0,84.25,6878.0,True,,77.05,1137311.0,36.5,0.75,3.25,10.25,6.5,1.0,2026-02,dev(Dec-Apr),33.25,10.25,0.4737183646982479,6911.5,6914.5,1.0,1.0,0.43153796236210257
2026-02-23,ESH6,6908.0,6854.25,6930.25,6832.75,6894.5,6840.0,6843.0,6843.0,6841.5,1143309.0,157164.0,97.5,6924.75,True,,79.0875,1257471.0,-81.75,-30.25,3.0,11.25,-1.5,-1.0,2026-02,dev(Dec-Apr),-84.75,-11.25,1.03366524419156,6840.0,6843.0,-1.0,1.0,1.0715979137031768
2026-02-24,ESH6,6847.5,6903.0,6912.75,6828.5,6861.0,6900.75,6894.5,6894.5,6905.5,1049864.0,133046.0,84.25,6854.25,True,,82.0125,1257471.0,40.25,6.75,-6.25,8.5,11.0,1.0,2026-02,dev(Dec-Apr),46.5,8.5,0.4907788446883097,6900.5,6894.5,1.0,-1.0,0.566986739826246
2026-02-25,ESH6,6930.5,6959.5,6965.75,6929.75,6942.0,6959.5,6957.75,6957.75,6961.5,776539.0,137327.0,36.0,6903.0,True,,84.05,1257471.0,54.75,39.0,-1.75,1.75,3.75,1.0,2026-02,dev(Dec-Apr),56.5,1.75,0.6513979773944081,6959.5,6957.75,1.0,-1.0,0.6722189173111244
2026-02-26,ESH6,6961.0,6921.5,6961.25,6870.75,6934.5,6918.25,6914.75,6914.75,6917.25,1293209.0,120588.0,90.5,6959.5,True,,84.3375,1257471.0,-44.75,-25.0,-3.5,6.75,2.5,-1.0,2026-02,dev(Dec-Apr),-41.25,-6.75,0.5306061953460797,6918.25,6914.75,-1.0,-1.0,0.4891062694530902
2026-02-27,ESH6,6855.75,6888.25,6894.0,6841.5,6853.5,6858.5,6881.5,6881.25,6884.25,1246654.0,276687.0,52.5,6921.5,True,,86.875,1295208.5,-40.0,-68.0,23.0,6.75,3.0,-1.0,2026-02,dev(Dec-Apr),-63.0,-6.75,0.460431654676259,6858.5,6881.25,-1.0,1.0,0.7251798561151079
2026-03-02,ESH6,6811.25,6887.25,6911.25,6804.5,6853.75,6906.5,6877.5,6877.5,6895.0,1259612.0,145845.0,106.75,6888.25,True,,83.3375,1269931.5,-10.75,-34.5,-29.0,9.75,17.5,-1.0,2026-03,dev(Dec-Apr),18.25,-9.75,0.12899355032248386,6906.75,6877.5,1.0,-1.0,0.2189890505474726
2026-03-03,ESH6,6772.75,6826.0,6849.75,6718.75,6746.25,6836.0,6833.75,6833.75,6824.25,1625866.0,137303.0,131.0,6887.25,True,,85.05,1253133.0,-53.5,-141.0,-2.25,-7.75,-9.5,-1.0,2026-03,dev(Dec-Apr),-51.25,7.75,0.6290417401528513,6836.0,6833.75,-1.0,-1.0,0.6025867136978248
2026-03-04,ESH6,6838.75,6873.0,6894.0,6817.75,6836.25,6891.25,6885.0,6884.75,6880.25,1011033.0,135705.0,76.25,6826.0,True,,87.825,1276410.5,59.0,10.25,-6.25,-12.0,-4.5,1.0,2026-03,dev(Dec-Apr),65.25,-12.0,0.6717904924565898,6891.0,6884.75,1.0,-1.0,0.7429547395388556
2026-03-05,ESH6,6842.25,6835.0,6877.5,6777.0,6872.75,6791.75,6816.25,6816.25,6837.75,1441636.0,172964.0,100.5,6873.0,True,,85.1,1253133.0,-56.75,-0.25,24.5,18.75,21.5,-1.0,2026-03,dev(Dec-Apr),-81.25,-18.75,0.6668625146886017,6791.75,6816.25,-1.0,1.0,0.95475910693302
2026-03-06,ESH6,6752.25,6742.5,6780.5,6715.75,6727.25,6768.75,6740.75,6740.5,6749.25,1355910.0,199794.0,64.75,6835.0,True,,85.2125,1253133.0,-94.25,-107.75,-28.0,1.75,8.75,-1.0,2026-03,dev(Dec-Apr),-66.25,-1.75,1.106058383453132,6768.5,6740.5,-1.0,-1.0,0.777468094469708
2026-03-09,ESH6,6681.5,6801.75,6818.5,6641.0,6658.25,6719.25,6792.5,6792.75,6804.0,1469082.0,261768.0,177.5,6742.5,True,,84.4625,1253133.0,50.0,-84.25,73.25,9.25,11.25,1.0,2026-03,dev(Dec-Apr),-23.25,9.25,0.5919786887672044,6719.25,6792.75,-1.0,1.0,0.27527009027675003
2026-03-10,ESH6,6795.0,6788.0,6852.0,6765.0,6776.0,6802.5,6791.5,6791.75,6783.0,1393143.0,162540.0,87.0,6801.75,True,,87.575,1253133.0,-10.25,-25.75,-11.0,-3.5,-8.75,-1.0,2026-03,dev(Dec-Apr),0.75,3.5,0.11704253497002569,6802.75,6791.75,1.0,-1.0,0.008564087924636025
2026-03-11,ESH6,6792.5,6779.75,6818.0,6749.75,6795.75,6769.25,6766.5,6766.5,6779.0,1175949.0,96193.0,68.25,6788.0,True,,88.1125,1276410.5,-21.5,7.75,-2.75,13.25,12.5,-1.0,2026-03,dev(Dec-Apr),-18.75,-13.25,0.2440062420201447,6769.25,6766.5,-1.0,-1.0,0.21279614129663782
2026-03-12,ESH6,6726.75,6676.5,6732.0,6675.25,6704.0,6689.5,6696.25,6696.25,6677.0,1434754.0,150016.0,56.75,6779.75,True,,89.05,1276410.5,-83.5,-75.75,6.75,-19.75,-19.25,-1.0,2026-03,dev(Dec-Apr),-90.25,19.75,0.9376754632229085,6689.25,6696.25,-1.0,1.0,1.0134755755193712
2026-03-13,ESH6,6706.5,6637.0,6737.5,6627.0,6719.75,6655.75,6637.0,6637.0,6636.5,1371898.0,145398.0,110.5,6676.5,True,,87.8625,1296231.5,-39.5,43.25,-18.75,0.0,-0.5,-1.0,2026-03,dev(Dec-Apr),-20.75,-0.0,0.4495660833689003,6655.75,6637.0,-1.0,-1.0,0.2361644615165742
2026-03-17,ESM6,6787.75,6771.75,6808.5,6764.25,6803.0,6775.25,6774.5,6774.5,6769.5,848084.0,91233.0,44.25,6753.75,True,,83.9125,1276410.5,20.75,49.25,-0.75,-2.75,-5.0,1.0,2026-03,dev(Dec-Apr),21.5,-2.75,0.24728139430954865,6775.25,6774.5,1.0,-1.0,0.2562192760315805
2026-03-18,ESM6,6746.5,6677.25,6759.75,6673.75,6756.0,6695.75,6691.25,6691.25,6679.75,1068690.0,150705.0,86.0,6771.75,True,,81.4875,1253133.0,-80.5,-15.75,-4.5,-14.0,-11.5,-1.0,2026-03,dev(Dec-Apr),-76.0,14.0,0.9878815769289768,6695.5,6691.25,-1.0,-1.0,0.9326583831876055
2026-03-19,ESM6,6629.25,6658.75,6692.0,6611.75,6647.0,6645.75,6664.5,6664.25,6664.0,1365235.0,152465.0,80.25,6677.25,True,,82.575,1253133.0,-12.75,-30.25,18.75,-5.75,-0.25,-1.0,2026-03,dev(Dec-Apr),-31.5,5.75,0.15440508628519528,6645.75,6664.25,-1.0,1.0,0.38147138964577654
2026-03-20,ESM6,6642.75,6562.75,6643.0,6523.75,6607.25,6556.75,6547.75,6548.0,6559.5,1429217.0,275853.0,119.25,6658.75,True,,84.25,1276410.5,-111.0,-51.5,-9.0,15.0,11.5,-1.0,2026-03,dev(Dec-Apr),-102.0,-15.0,1.317507418397626,6556.75,6548.0,-1.0,-1.0,1.2106824925816024
2026-03-23,ESM6,6658.0,6631.5,6704.75,6616.0,6680.25,6667.0,6650.75,6650.5,6635.5,1322355.0,160522.0,88.75,6562.75,True,,86.0,1276410.5,88.0,117.5,-16.25,-19.25,-15.0,1.0,2026-03,dev(Dec-Apr),104.25,-19.25,1.0232558139534884,6667.25,6650.5,1.0,-1.0,1.2122093023255813
2026-03-24,ESM6,6589.25,6607.0,6646.0,6573.5,6589.75,6623.75,6619.75,6619.5,6601.5,1393136.0,138034.0,72.5,6631.5,True,,85.5625,1307782.0,-11.75,-41.75,-4.0,-12.75,-18.0,-1.0,2026-03,dev(Dec-Apr),-7.75,12.75,0.13732651570489407,6623.75,6619.5,-1.0,-1.0,0.09057706355003653
2026-03-25,ESM6,6661.75,6642.0,6684.75,6616.5,6639.5,6640.0,6640.25,6640.25,6639.0,1260913.0,114714.0,68.25,6607.0,True,,84.975,1339132.5,33.25,32.5,0.25,1.75,-1.25,1.0,2026-03,dev(Dec-Apr),33.0,1.75,0.39129155634010004,6639.75,6640.25,1.0,1.0,0.38834951456310685
2026-03-26,ESM6,6593.0,6523.0,6622.0,6520.25,6617.75,6546.25,6534.0,6534.0,6526.0,1204322.0,164202.0,101.75,6642.0,True,,86.5875,1339132.5,-108.0,-24.25,-12.25,-11.0,-8.0,-1.0,2026-03,dev(Dec-Apr),-95.75,11.0,1.2472932005197055,6546.25,6534.0,-1.0,-1.0,1.1058178143496462
2026-03-27,ESM6,6494.75,6407.25,6495.75,6398.25,6458.5,6421.5,6416.0,6416.0,6412.25,1408742.0,237854.0,97.5,6523.0,True,,87.15,1339132.5,-107.0,-64.5,-5.5,-8.75,-3.75,-1.0,2026-03,dev(Dec-Apr),-101.5,8.75,1.227768215720023,6421.5,6416.0,-1.0,-1.0,1.1646586345381524
2026-03-30,ESM6,6467.75,6387.75,6471.25,6359.5,6417.5,6384.75,6362.5,6362.75,6392.75,1259420.0,216995.0,111.75,6407.25,True,,89.4,1360572.5,-44.75,10.25,-22.25,25.25,30.0,-1.0,2026-03,dev(Dec-Apr),-22.5,-25.25,0.5005592841163311,6384.75,6362.75,-1.0,-1.0,0.25167785234899326
2026-03-31,ESM6,6457.25,6569.25,6583.25,6447.0,6494.0,6554.25,6561.5,6561.75,6566.25,1714846.0,322569.0,136.25,6387.75,True,,89.65,1360572.5,173.75,106.25,7.25,7.75,4.5,1.0,2026-03,dev(Dec-Apr),166.5,7.75,1.9380925822643613,6554.5,6561.75,1.0,1.0,1.8572225320691578
2026-04-01,ESM6,6606.25,6619.5,6653.75,6598.0,6611.25,6611.5,6628.25,6628.25,6619.5,1254099.0,199411.0,55.75,6569.25,True,,89.9125,1360572.5,59.0,42.0,16.75,-8.75,-8.75,1.0,2026-04,dev(Dec-Apr),42.25,-8.75,0.656193521479216,6611.5,6628.25,1.0,1.0,0.46990129292367583
2026-04-02,ESM6,6527.75,6623.0,6644.5,6514.25,6560.25,6609.0,6608.0,6608.0,6622.5,1452071.0,145800.0,130.25,6619.5,True,,88.8875,1360572.5,-11.5,-59.25,-1.0,15.0,14.5,-1.0,2026-04,dev(Dec-Apr),-10.5,-15.0,0.12937702151596117,6609.25,6608.0,-1.0,-1.0,0.11812684573196455
2026-04-06,ESM6,6621.75,6653.0,6661.0,6617.75,6649.0,6647.0,6642.5,6642.75,6648.5,805526.0,91917.0,43.25,6623.0,True,,90.375,1360572.5,19.5,26.0,-4.5,10.5,5.75,1.0,2026-04,dev(Dec-Apr),24.0,10.5,0.2157676348547718,6647.0,6642.75,1.0,-1.0,0.26556016597510373
2026-04-07,ESM6,6629.5,6655.5,6659.5,6572.75,6602.75,6602.25,6629.75,6629.75,6648.75,1472103.0,225304.0,86.75,6653.0,True,,89.3,1343795.0,-23.25,-50.25,27.5,25.75,19.0,-1.0,2026-04,dev(Dec-Apr),-50.75,-25.75,0.2603583426651736,6602.5,6629.75,-1.0,1.0,0.5683090705487123
2026-04-08,ESM6,6829.5,6823.5,6836.75,6780.0,6811.75,6794.0,6799.5,6799.5,6819.5,1467394.0,185463.0,56.75,6655.5,True,,84.7625,1343795.0,144.0,156.25,5.5,24.0,20.0,1.0,2026-04,dev(Dec-Apr),138.5,24.0,1.6988644742663324,6794.0,6799.5,1.0,1.0,1.6339772894853266
2026-04-09,ESM6,6812.75,6861.75,6876.0,6801.75,6816.75,6855.25,6863.0,6863.25,6863.75,1251520.0,146133.0,74.25,6823.5,True,,83.25,1343795.0,39.5,-6.75,7.75,-1.25,0.5,1.0,2026-04,dev(Dec-Apr),31.75,-1.25,0.4744744744744745,6855.25,6863.25,1.0,1.0,0.3813813813813814
2026-04-10,ESM6,6875.0,6855.5,6883.0,6846.25,6870.0,6855.5,6858.75,6858.75,6854.0,1007193.0,140688.0,36.75,6861.75,True,,83.55,1343795.0,-3.0,8.25,3.25,-3.25,-4.75,-1.0,2026-04,dev(Dec-Apr),-6.25,3.25,0.03590664272890485,6855.75,6858.75,-1.0,1.0,0.07480550568521843
2026-04-13,ESM6,6834.75,6921.25,6924.75,6826.5,6858.5,6894.75,6900.0,6899.75,6923.25,1150239.0,197141.0,98.25,6855.5,True,,82.55,1291634.0,44.5,3.0,5.25,21.25,23.5,1.0,2026-04,dev(Dec-Apr),39.25,21.25,0.5390672319806178,6894.75,6899.75,1.0,1.0,0.4754694124772865
2026-04-14,ESM6,6937.75,7006.0,7008.0,6937.5,6956.5,6989.75,7004.5,7004.75,7002.25,1011598.0,160777.0,70.5,6921.25,True,,81.9375,1260166.5,83.25,35.25,14.75,1.5,-2.5,1.0,2026-04,dev(Dec-Apr),68.5,1.5,1.0160183066361557,6989.5,7004.75,1.0,1.0,0.8360030511060259
2026-04-15,ESM6,7014.25,7060.25,7064.5,7004.0,7018.0,7058.25,7061.75,7061.75,7063.0,1042508.0,170499.0,60.5,7006.0,True,,82.95,1260166.5,55.75,12.0,3.5,-1.5,1.25,1.0,2026-04,dev(Dec-Apr),52.25,-1.5,0.67209162145871,7058.5,7061.75,1.0,1.0,0.6298975286317058
2026-04-16,ESM6,7071.5,7076.5,7089.0,7046.5,7056.25,7068.75,7070.5,7070.75,7078.25,1089742.0,124851.0,42.5,7060.25,True,,83.7625,1260166.5,10.25,-4.0,1.75,6.0,7.5,1.0,2026-04,dev(Dec-Apr),8.5,6.0,0.12236979555290255,7068.75,7070.75,1.0,1.0,0.10147739143411431
2026-04-17,ESM6,7121.25,7161.5,7185.75,7117.0,7143.5,7158.0,7153.75,7154.0,7162.75,1301064.0,147430.0,68.75,7076.5,True,,81.5875,1260166.5,77.25,67.0,-4.25,7.75,8.75,1.0,2026-04,dev(Dec-Apr),81.5,7.75,0.9468362187835145,7157.75,7154.0,1.0,-1.0,0.9989275317910219
2026-04-20,ESM6,7148.25,7148.25,7159.5,7121.5,7156.75,7143.0,7140.75,7140.5,7143.5,984343.0,140205.0,38.0,7161.5,True,,81.0125,1260166.5,-20.75,-4.75,-2.25,7.5,3.0,-1.0,2026-04,dev(Dec-Apr),-18.5,-7.5,0.2561333127603765,7143.25,7140.5,-1.0,-1.0,0.2283598210152754
2026-04-21,ESM6,7162.5,7100.5,7172.5,7085.0,7167.5,7122.0,7136.75,7136.75,7099.0,1479226.0,251319.0,87.5,7148.25,True,,76.95,1256759.5,-11.5,19.25,14.75,-36.25,-37.75,-1.0,2026-04,dev(Dec-Apr),-26.25,36.25,0.14944769330734242,7122.25,7136.75,-1.0,1.0,0.341130604288499
2026-04-22,ESM6,7150.25,7170.25,7173.0,7140.75,7152.75,7154.5,7162.75,7162.75,7170.0,867884.0,125863.0,32.25,7100.5,True,,76.8875,1256759.5,62.25,52.25,8.25,7.5,7.25,1.0,2026-04,dev(Dec-Apr),54.0,7.5,0.8096244513087303,7154.5,7162.75,1.0,1.0,0.7023248252316696
2026-04-23,ESM6,7152.25,7141.75,7181.5,7079.25,7159.75,7128.25,7141.25,7141.25,7142.75,1447358.0,151825.0,102.25,7170.25,True,,74.875,1252809.5,-29.0,-10.5,13.0,0.5,1.5,-1.0,2026-04,dev(Dec-Apr),-42.0,-0.5,0.38731218697829717,7128.25,7141.25,-1.0,1.0,0.5609348914858097
2026-04-24,ESM6,7162.5,7194.5,7200.5,7145.0,7154.75,7190.75,7193.0,7193.0,7198.0,1064642.0,137501.0,55.5,7141.75,True,,76.575,1252809.5,51.25,13.0,2.25,1.5,5.0,1.0,2026-04,dev(Dec-Apr),49.0,1.5,0.6692784851452824,7191.0,7193.0,1.0,1.0,0.6398955272608553
2026-04-27,ESM6,7186.25,7207.25,7211.25,7177.0,7195.5,7203.0,7206.0,7206.0,7207.75,807909.0,130255.0,34.25,7194.5,True,,74.2625,1252809.5,11.5,1.0,3.0,1.25,1.75,1.0,2026-04,dev(Dec-Apr),8.5,1.25,0.154856084834203,7203.25,7206.0,1.0,1.0,0.11445884531223699
2026-04-28,ESM6,7172.0,7171.5,7183.0,7146.25,7169.5,7169.25,7170.25,7170.25,7172.0,1012633.0,123801.0,36.75,7207.25,True,,71.1,1200879.5,-37.0,-37.75,1.0,1.25,1.75,-1.0,2026-04,dev(Dec-Apr),-38.0,-1.25,0.5203938115330521,7169.25,7170.25,-1.0,1.0,0.5344585091420535
2026-04-29,ESM6,7163.25,7170.5,7175.25,7137.0,7160.75,7158.75,7162.0,7162.0,7164.25,1011725.0,134883.0,38.25,7171.5,True,,67.35,1119990.5,-9.5,-10.75,3.25,8.5,2.25,-1.0,2026-04,dev(Dec-Apr),-12.75,-8.5,0.14105419450631032,7159.0,7162.0,-1.0,1.0,0.1893095768374165
2026-04-30,ESM6,7200.0,7238.25,7251.75,7157.25,7165.25,7237.5,7245.0,7245.0,7243.75,1222628.0,228815.0,94.5,7170.5,True,,62.45,1077192.0,74.5,-5.25,7.5,-6.75,-1.25,1.0,2026-04,dev(Dec-Apr),67.0,-6.75,1.1929543634907926,7237.5,7245.0,1.0,1.0,1.0728582866293035
2026-05-01,ESM6,7264.5,7257.5,7300.75,7255.5,7293.25,7262.75,7275.25,7275.5,7262.75,1008323.0,144391.0,45.25,7238.25,True,,64.3875,1077192.0,37.0,55.0,12.5,-17.75,-12.75,1.0,2026-05,diag(May-Jul),24.5,-17.75,0.5746456998641041,7262.75,7275.5,1.0,1.0,0.380508639099204
2026-05-04,ESM6,7250.5,7231.0,7271.0,7199.5,7257.75,7223.75,7226.75,7226.75,7227.25,1206201.0,110694.0,71.5,7257.5,True,,60.1375,1053575.0,-30.75,0.25,3.0,4.25,0.5,-1.0,2026-05,diag(May-Jul),-33.75,-4.25,0.5113282061941384,7224.0,7226.75,-1.0,1.0,0.5612138848472251
2026-05-05,ESM6,7267.5,7287.0,7299.75,7264.25,7275.0,7292.75,7296.5,7296.5,7285.75,837245.0,145984.0,35.5,7231.0,True,,61.55,1077192.0,65.5,44.0,3.75,-9.5,-10.75,1.0,2026-05,diag(May-Jul),61.75,-9.5,1.0641754670999188,7292.75,7296.5,1.0,1.0,1.0032493907392364
2026-05-06,ESM6,7331.000000000001,7386.750000000001,7395.750000000001,7327.250000000001,7346.000000000001,7379.250000000001,7388.500000000001,7388.250000000001,7392.500000000001,1065469.0,187448.0,68.5,7287.0,True,,58.9875,1053575.0,101.50000000000091,59.00000000000091,9.25,-1.75,4.25,1.0,2026-05,diag(May-Jul),92.25000000000091,-1.75,1.7207035388853726,7379.250000000001,7388.250000000001,1.0,1.0,1.5638906547997613
2026-05-07,ESM6,7399.250000000001,7364.250000000001,7410.000000000001,7345.500000000001,7387.500000000001,7359.750000000001,7354.000000000001,7353.750000000001,7361.000000000001,1376680.0,177008.0,64.5,7386.750000000001,True,,59.575,1053575.0,-32.75,0.75,-5.75,10.25,7.25,-1.0,2026-05,diag(May-Jul),-27.0,-10.25,0.5497272345782627,7359.750000000001,7353.750000000001,-1.0,-1.0,0.4532102391942929
2026-05-08,ESM6,7395.750000000001,7421.000000000001,7427.750000000001,7391.750000000001,7413.500000000001,7410.750000000001,7412.750000000001,7413.000000000001,7420.250000000001,909155.0,152821.0,36.0,7364.250000000001,True,,59.0875,1053575.0,48.5,49.25,2.0,8.25,7.25,1.0,2026-05,diag(May-Jul),46.5,8.25,0.8208165855722446,7410.500000000001,7413.000000000001,1.0,1.0,0.7869684789507088
2026-05-11,ESM6,7410.000000000001,7438.750000000001,7454.750000000001,7410.000000000001,7432.750000000001,7431.250000000001,7431.250000000001,7431.250000000001,7435.250000000001,925225.0,135952.0,44.75,7421.000000000001,True,,59.05,1053575.0,10.25,11.75,0.0,7.5,4.0,1.0,2026-05,diag(May-Jul),10.25,7.5,0.17358171041490264,7431.500000000001,7431.250000000001,1.0,0.0,0.17358171041490264
2026-05-12,ESM6,7414.000000000001,7428.250000000001,7433.750000000001,7363.250000000001,7396.250000000001,7405.250000000001,7416.000000000001,7416.000000000001,7428.000000000001,1277774.0,187990.0,70.5,7438.750000000001,True,,56.375,1027570.5,-22.75,-42.5,10.75,12.25,12.0,-1.0,2026-05,diag(May-Jul),-33.5,-12.25,0.4035476718403548,7405.250000000001,7416.000000000001,-1.0,1.0,0.5942350332594235
2026-05-13,ESM6,7429.250000000001,7468.500000000001,7483.750000000001,7399.000000000001,7413.500000000001,7471.500000000001,7479.750000000001,7479.750000000001,7469.750000000001,954492.0,132704.0,84.75,7428.250000000001,True,,56.375,1053575.0,51.5,-14.75,8.25,-11.25,-10.0,1.0,2026-05,diag(May-Jul),43.25,-11.25,0.9135254988913526,7471.500000000001,7479.750000000001,1.0,1.0,0.7671840354767184
2026-05-14,ESM6,7481.000000000001,7526.000000000001,7540.000000000001,7479.750000000001,7488.500000000001,7527.500000000001,7525.000000000001,7525.250000000001,7523.750000000001,1066109.0,131531.0,60.25,7468.500000000001,True,,57.5875,1038637.5,56.5,20.0,-2.5,1.0,-1.5,1.0,2026-05,diag(May-Jul),59.0,1.0,0.9811156935098763,7527.500000000001,7525.250000000001,1.0,-1.0,1.024527892337747
2026-05-15,ESM6,7459.500000000001,7432.500000000001,7475.750000000001,7420.250000000001,7432.250000000001,7457.000000000001,7442.750000000001,7442.500000000001,7433.250000000001,1349296.0,206077.0,55.5,7526.000000000001,True,,58.475,1038637.5,-83.25,-93.75,-14.25,-10.25,-9.25,-1.0,2026-05,diag(May-Jul),-69.0,10.25,1.42368533561351,7457.000000000001,7442.500000000001,-1.0,-1.0,1.1799914493373236
2026-05-18,ESM6,7438.500000000001,7426.250000000001,7454.250000000001,7373.500000000001,7445.750000000001,7376.500000000001,7395.000000000001,7395.000000000001,7420.500000000001,1463376.0,165919.0,80.75,7432.500000000001,True,,57.8125,1038637.5,-37.5,13.25,18.5,31.25,25.5,-1.0,2026-05,diag(May-Jul),-56.0,-31.25,0.6486486486486487,7376.500000000001,7395.000000000001,-1.0,1.0,0.9686486486486486
2026-05-19,ESM6,7386.750000000001,7377.500000000001,7415.250000000001,7354.250000000001,7392.500000000001,7383.000000000001,7386.500000000001,7386.500000000001,7369.750000000001,1422310.0,190990.0,61.0,7426.250000000001,True,,59.95,1065055.5,-39.75,-33.75,3.5,-9.0,-16.75,-1.0,2026-05,diag(May-Jul),-43.25,9.0,0.6630525437864887,7382.750000000001,7386.500000000001,-1.0,1.0,0.7214345287739783
2026-05-20,ESM6,7395.000000000001,7451.500000000001,7458.000000000001,7376.750000000001,7399.500000000001,7440.250000000001,7447.000000000001,7447.000000000001,7451.250000000001,1212449.0,124579.0,81.25,7377.500000000001,True,,58.625,1065055.5,69.5,22.0,6.75,4.5,4.25,1.0,2026-05,diag(May-Jul),62.75,4.5,1.185501066098081,7440.500000000001,7447.000000000001,1.0,1.0,1.070362473347548
2026-05-21,ESM6,7423.750000000001,7465.250000000001,7486.750000000001,7408.500000000001,7435.250000000001,7447.750000000001,7464.500000000001,7464.250000000001,7467.750000000001,1368172.0,141051.0,78.25,7451.500000000001,True,,61.075,1065789.0,13.0,-16.25,16.75,0.75,3.5,1.0,2026-05,diag(May-Jul),-3.75,0.75,0.21285304952926729,7447.500000000001,7464.250000000001,-1.0,1.0,0.061399918133442484
2026-05-22,ESM6,7496.750000000001,7491.000000000001,7524.000000000001,7478.750000000001,7509.750000000001,7505.500000000001,7489.750000000001,7490.000000000001,7494.500000000001,884435.0,114983.0,45.25,7465.250000000001,True,,59.875,1065789.0,24.5,44.5,-15.75,1.25,4.5,1.0,2026-05,diag(May-Jul),40.25,1.25,0.4091858037578288,7505.500000000001,7490.000000000001,1.0,-1.0,0.6722338204592901
2026-05-27,ESM6,7542.000000000001,7540.000000000001,7547.000000000001,7515.000000000001,7538.000000000001,7542.000000000001,7539.500000000001,7539.250000000001,7537.750000000001,968618.0,121130.0,32.0,7539.250000000001,True,,59.5625,1065789.0,0.25,-1.25,-2.5,0.5,-1.5,1.0,2026-05,diag(May-Jul),2.75,0.5,0.004197271773347324,7542.000000000001,7539.250000000001,1.0,-1.0,0.046169989506820566
2026-05-28,ESM6,7535.250000000001,7582.000000000001,7586.500000000001,7525.250000000001,7535.750000000001,7576.750000000001,7582.250000000001,7582.000000000001,7582.750000000001,891064.0,130769.0,61.25,7540.000000000001,True,,59.325,1065789.0,42.25,-4.25,5.5,-0.25,0.75,1.0,2026-05,diag(May-Jul),36.75,-0.25,0.7121786767804467,7576.500000000001,7582.000000000001,1.0,1.0,0.6194690265486725
2026-05-29,ESM6,7590.750000000001,7595.250000000001,7611.500000000001,7577.500000000001,7609.000000000001,7585.250000000001,7599.250000000001,7599.500000000001,7594.750000000001,1204284.0,260670.0,34.0,7582.000000000001,True,,60.475,1065789.0,17.25,27.0,14.0,-4.0,-4.75,1.0,2026-05,diag(May-Jul),3.25,-4.0,0.2852418354692021,7585.250000000001,7599.500000000001,1.0,1.0,0.05374121537825548
2026-06-01,ESM6,7583.000000000001,7614.000000000001,7632.250000000001,7576.250000000001,7584.750000000001,7624.250000000001,7625.750000000001,7625.500000000001,7611.250000000001,1005500.0,145022.0,56.0,7595.250000000001,True,,57.45,1065789.0,30.5,-10.5,1.5,-11.75,-14.25,1.0,2026-06,diag(May-Jul),29.0,-11.75,0.5308964316797214,7624.250000000001,7625.500000000001,1.0,1.0,0.5047867711053089
2026-06-02,ESM6,7598.250000000001,7623.750000000001,7632.000000000001,7595.500000000001,7603.750000000001,7619.000000000001,7621.500000000001,7621.500000000001,7623.000000000001,763407.0,110633.0,36.5,7614.000000000001,True,,57.9875,1065789.0,7.5,-10.25,2.5,2.25,1.5,1.0,2026-06,diag(May-Jul),5.0,2.25,0.12933821944384566,7619.000000000001,7621.500000000001,1.0,1.0,0.08622547962923044
2026-06-03,ESM6,7608.500000000001,7572.500000000001,7614.750000000001,7562.500000000001,7586.250000000001,7583.500000000001,7575.750000000001,7575.750000000001,7575.250000000001,1014151.0,184661.0,52.25,7623.750000000001,True,,56.2375,1035484.5,-48.0,-37.5,-7.75,-3.25,-0.5,-1.0,2026-06,diag(May-Jul),-40.25,3.25,0.8535230051122472,7583.500000000001,7575.750000000001,-1.0,-1.0,0.7157146032451657
2026-06-04,ESM6,7548.250000000001,7599.500000000001,7611.500000000001,7541.750000000001,7559.500000000001,7604.500000000001,7611.000000000001,7611.000000000001,7601.500000000001,854913.0,144743.0,69.75,7572.500000000001,True,,57.075,1039810.0,38.5,-13.0,6.5,-11.5,-9.5,1.0,2026-06,diag(May-Jul),32.0,-11.5,0.6745510293473499,7604.500000000001,7611.000000000001,1.0,1.0,0.5606657906263688
2026-06-05,ESM6,7547.750000000001,7400.250000000001,7553.000000000001,7379.750000000001,7511.250000000001,7416.250000000001,7409.000000000001,7409.000000000001,7409.500000000001,1833656.0,296614.0,173.25,7599.500000000001,True,,57.1375,1009825.5,-190.5,-88.25,-7.25,-8.75,0.5,-1.0,2026-06,diag(May-Jul),-183.25,8.75,3.334062568365784,7416.250000000001,7409.000000000001,-1.0,-1.0,3.2071756727193175
2026-06-08,ESM6,7457.250000000001,7416.000000000001,7476.750000000001,7403.750000000001,7431.500000000001,7432.000000000001,7414.500000000001,7414.500000000001,7414.500000000001,1238186.0,164604.0,73.0,7400.250000000001,True,,62.575,1009825.5,14.25,31.25,-17.5,1.5,0.0,1.0,2026-06,diag(May-Jul),31.75,1.5,0.2277267279264882,7432.000000000001,7414.500000000001,1.0,-1.0,0.507391130643228
2026-06-09,ESM6,7458.500000000001,7392.000000000001,7491.000000000001,7247.25,7465.500000000001,7389.500000000001,7367.750000000001,7367.500000000001,7391.000000000001,2072085.0,215908.0,243.7500000000009,7416.000000000001,True,,64.425,1040130.0,-48.25,49.5,-21.75,24.25,23.5,-1.0,2026-06,diag(May-Jul),-26.5,-24.25,0.7489328676755918,7389.250000000001,7367.500000000001,-1.0,-1.0,0.41133100504462555
2026-06-10,ESM6,7355.000000000001,7276.0,7404.750000000001,7275.25,7378.000000000001,7295.25,7281.25,7281.0,7286.5,1254395.0,167341.0,129.5000000000009,7392.000000000001,True,,74.37500000000004,1135196.5,-110.75000000000091,-14.0,-14.0,-5.25,5.5,-1.0,2026-06,diag(May-Jul),-96.75000000000091,5.25,1.4890756302521122,7295.0,7281.0,-1.0,-1.0,1.3008403361344654
2026-06-11,ESM6,7308.000000000001,7394.250000000001,7420.000000000001,7263.0,7317.250000000001,7377.500000000001,7399.250000000001,7399.000000000001,7403.250000000001,1430388.0,208418.0,157.0000000000009,7276.0,True,,77.32500000000009,1135196.5,123.25000000000091,41.25000000000091,21.75,-5.0,4.25,1.0,2026-06,diag(May-Jul),101.50000000000091,-5.0,1.5939217588102266,7377.750000000001,7399.000000000001,1.0,1.0,1.3126414484319533
2026-06-12,ESM6,7423.500000000001,7433.500000000001,7461.750000000001,7366.500000000001,7383.000000000001,7428.000000000001,7432.000000000001,7432.000000000001,7432.750000000001,898214.0,111018.0,95.25,7394.250000000001,True,,80.93750000000014,1208366.5,37.75,-11.25,4.0,1.5,0.75,1.0,2026-06,diag(May-Jul),33.75,1.5,0.4664092664092656,7428.000000000001,7432.000000000001,1.0,1.0,0.41698841698841627
2026-06-16,ESU6,7627.750000000001,7588.000000000001,7636.750000000001,7583.000000000001,7622.750000000001,7602.000000000001,7596.250000000001,7596.250000000001,7589.250000000001,889183.0,143229.0,53.75,7630.000000000001,True,,82.42500000000014,1109217.5,-33.75,-7.25,-5.75,-8.25,-7.0,-1.0,2026-06,diag(May-Jul),-28.0,8.25,0.4094631483166508,7602.000000000001,7596.250000000001,-1.0,-1.0,0.3397027600849251
2026-06-17,ESU6,7595.750000000001,7492.250000000001,7604.250000000001,7472.250000000001,7581.000000000001,7540.750000000001,7500.250000000001,7500.250000000001,7490.750000000001,1260830.0,235852.0,132.0,7588.000000000001,True,,81.07500000000013,1009825.5,-87.75,-7.0,-40.5,-8.0,-9.5,-1.0,2026-06,diag(May-Jul),-47.25,8.0,1.082331174838111,7540.500000000001,7500.250000000001,-1.0,-1.0,0.5827937095282136
2026-06-18,ESU6,7577.250000000001,7564.500000000001,7581.500000000001,7535.500000000001,7544.000000000001,7561.500000000001,7557.750000000001,7557.750000000001,7578.750000000001,1084458.0,212090.0,46.0,7492.250000000001,True,,84.62500000000014,1009825.5,65.5,51.75,-3.75,6.75,21.0,1.0,2026-06,diag(May-Jul),69.25,6.75,0.7740029542097476,7561.500000000001,7557.750000000001,1.0,-1.0,0.8183161004431301
2026-06-23,ESU6,7429.500000000001,7434.750000000001,7491.000000000001,7415.250000000001,7465.250000000001,7436.000000000001,7446.750000000001,7446.750000000001,7443.750000000001,1312741.0,191965.0,75.75,7540.250000000001,True,,82.55000000000014,1009825.5,-93.5,-75.0,10.75,-12.0,-3.0,-1.0,2026-06,diag(May-Jul),-104.25,12.0,1.132646880678375,7436.000000000001,7446.750000000001,-1.0,1.0,1.262870987280434
2026-06-24,ESU6,7447.250000000001,7428.250000000001,7496.500000000001,7404.250000000001,7454.500000000001,7415.500000000001,7416.250000000001,7416.000000000001,7420.750000000001,1424393.0,167543.0,92.25,7434.750000000001,True,,84.07500000000013,1047470.5,-18.5,19.75,0.75,12.0,4.75,-1.0,2026-06,diag(May-Jul),-19.25,-12.0,0.22004162949747216,7415.500000000001,7416.000000000001,-1.0,1.0,0.22896223609872102
2026-06-25,ESU6,7485.750000000001,7428.500000000001,7490.500000000001,7390.500000000001,7393.250000000001,7434.500000000001,7419.750000000001,7419.500000000001,7418.250000000001,1304009.0,137767.0,100.0,7428.250000000001,True,,86.77500000000013,1082624.0,-8.5,-35.0,-14.75,8.75,-1.25,-1.0,2026-06,diag(May-Jul),6.25,-8.75,0.09795447997695174,7434.250000000001,7419.500000000001,1.0,-1.0,0.07202535292422922
2026-06-26,ESU6,7380.750000000001,7380.250000000001,7459.500000000001,7360.000000000001,7401.500000000001,7409.000000000001,7415.000000000001,7415.250000000001,7427.000000000001,1019291.0,176428.0,99.5,7428.500000000001,True,,90.17500000000014,1144371.0,-13.5,-27.0,6.0,-34.75,11.75,-1.0,2026-06,diag(May-Jul),-19.5,34.75,0.14970889936235074,7408.750000000001,7415.250000000001,-1.0,1.0,0.21624618796783998
2026-06-29,ESU6,7457.250000000001,7496.750000000001,7505.000000000001,7409.000000000001,7458.500000000001,7497.000000000001,7498.000000000001,7498.000000000001,7494.250000000001,1142773.0,143350.0,96.0,7380.250000000001,True,,92.08750000000013,1144371.0,117.75,78.25,1.0,-1.25,-3.75,1.0,2026-06,diag(May-Jul),116.75,-1.25,1.27867517306909,7496.750000000001,7498.000000000001,1.0,1.0,1.267815935930499
2026-06-30,ESU6,7500.000000000001,7544.750000000001,7567.750000000001,7495.750000000001,7526.750000000001,7558.750000000001,7561.500000000001,7561.500000000001,7562.750000000001,952265.0,258784.0,72.0,7496.750000000001,True,,95.18750000000014,1113615.5,64.75,30.0,2.75,-16.75,1.25,1.0,2026-06,diag(May-Jul),62.0,-16.75,0.680236375574523,7558.750000000001,7561.500000000001,1.0,1.0,0.6513460275771494
2026-07-01,ESU6,7532.250000000001,7542.000000000001,7579.000000000001,7505.750000000001,7536.250000000001,7553.500000000001,7553.750000000001,7553.750000000001,7539.500000000001,965604.0,154460.0,73.25,7544.750000000001,True,,95.98750000000014,1113615.5,9.0,-8.5,0.25,-11.75,-14.25,1.0,2026-07,diag(May-Jul),8.75,-11.75,0.09376220862091404,7553.500000000001,7553.750000000001,1.0,1.0,0.09115770282588866
2026-07-02,ESU6,7555.250000000001,7526.250000000001,7593.750000000001,7479.500000000001,7588.750000000001,7509.000000000001,7502.500000000001,7502.500000000001,7529.250000000001,1386091.0,159859.0,114.25,7542.000000000001,True,,97.82500000000013,1113615.5,-39.5,46.75,-6.5,23.75,26.75,-1.0,2026-07,diag(May-Jul),-33.0,-23.75,0.40378226424738,7509.250000000001,7502.500000000001,-1.0,-1.0,0.3373370815231276
2026-07-07,ESU6,7580.500000000001,7553.000000000001,7587.500000000001,7529.500000000001,7566.250000000001,7552.500000000001,7544.250000000001,7544.000000000001,7553.750000000001,971542.0,129880.0,58.0,7593.750000000001,True,,99.93750000000014,1190479.5,-49.5,-27.5,-8.25,8.75,9.75,-1.0,2026-07,diag(May-Jul),-41.25,-8.75,0.4953095684802995,7552.500000000001,7544.000000000001,-1.0,-1.0,0.4127579737335829
2026-07-08,ESU6,7507.000000000001,7526.500000000001,7536.500000000001,7469.500000000001,7515.750000000001,7528.250000000001,7526.750000000001,7526.750000000001,7535.000000000001,1042823.0,119940.0,67.0,7553.000000000001,True,,94.17500000000014,1113615.5,-26.25,-37.25,-1.5,-0.25,8.25,-1.0,2026-07,diag(May-Jul),-24.75,0.25,0.2787363950092908,7528.500000000001,7526.750000000001,-1.0,-1.0,0.2628086010087599
2026-07-09,ESU6,7546.750000000001,7590.500000000001,7595.000000000001,7529.500000000001,7561.250000000001,7585.000000000001,7585.000000000001,7585.000000000001,7587.500000000001,791607.0,93831.0,65.5,7526.500000000001,True,,93.87500000000014,1082624.0,58.5,34.75,0.0,5.5,2.5,1.0,2026-07,diag(May-Jul),58.5,5.5,0.6231691078561908,7585.250000000001,7585.000000000001,1.0,0.0,0.6231691078561908
2026-07-10,ESU6,7592.250000000001,7621.000000000001,7627.250000000001,7552.750000000001,7601.500000000001,7618.500000000001,7622.750000000001,7622.750000000001,7622.000000000001,783970.0,98335.0,74.5,7590.500000000001,True,,84.96250000000009,1061806.5,32.25,11.0,4.25,-1.75,-0.75,1.0,2026-07,diag(May-Jul),28.0,-1.75,0.3795792261291742,7618.500000000001,7622.750000000001,1.0,1.0,0.3295571575695156
2026-07-13,ESU6,7595.500000000001,7563.250000000001,7610.500000000001,7551.000000000001,7607.500000000001,7567.250000000001,7555.000000000001,7555.000000000001,7566.500000000001,943857.0,136049.0,59.5,7621.000000000001,True,,82.21250000000005,1031057.0,-66.0,-13.5,-12.25,8.25,11.5,-1.0,2026-07,diag(May-Jul),-53.75,-8.25,0.8027976280979165,7567.250000000001,7555.000000000001,-1.0,-1.0,0.6537935228827729
2026-07-14,ESU6,7579.500000000001,7590.000000000001,7603.750000000001,7556.500000000001,7583.500000000001,7592.000000000001,7591.500000000001,7591.500000000001,7595.750000000001,767093.0,97113.0,47.25,7563.250000000001,True,,77.3375,995416.5,28.25,20.25,-0.5,-1.5,4.25,1.0,2026-07,diag(May-Jul),28.75,-1.5,0.3652820429933732,7592.250000000001,7591.500000000001,1.0,-1.0,0.37174721189591076
2026-07-15,ESU6,7612.500000000001,7617.000000000001,7626.250000000001,7571.750000000001,7614.500000000001,7602.000000000001,7606.500000000001,7606.500000000001,7614.750000000001,1027532.0,123960.0,54.5,7590.000000000001,True,,74.9375,995416.5,16.5,24.5,4.5,10.5,8.25,1.0,2026-07,diag(May-Jul),12.0,10.5,0.22018348623853212,7602.000000000001,7606.500000000001,1.0,1.0,0.16013344453711426
2026-07-16,ESU6,7597.000000000001,7577.000000000001,7615.000000000001,7548.250000000001,7588.000000000001,7571.500000000001,7560.250000000001,7560.250000000001,7571.250000000001,996691.0,155443.0,66.75,7617.000000000001,True,,75.15,1023411.5,-56.75,-29.0,-11.25,16.75,11.0,-1.0,2026-07,diag(May-Jul),-45.5,-16.75,0.7551563539587491,7571.250000000001,7560.250000000001,-1.0,-1.0,0.6054557551563539
2026-07-17,ESU6,7485.250000000001,7496.750000000001,7539.000000000001,7473.000000000001,7513.750000000001,7508.500000000001,7496.750000000001,7497.000000000001,7505.750000000001,1236784.0,159732.0,66.0,7577.000000000001,True,,75.8,1023411.5,-80.25,-63.25,-11.75,0.0,8.75,-1.0,2026-07,diag(May-Jul),-68.5,-0.0,1.0587071240105541,7508.750000000001,7497.000000000001,-1.0,-1.0,0.9036939313984169
2026-07-20,ESU6,7534.500000000001,7486.000000000001,7552.000000000001,7478.000000000001,7520.500000000001,7490.500000000001,7490.500000000001,7490.750000000001,7484.250000000001,1010970.0,138648.0,74.0,7496.750000000001,True,,72.5,1023411.5,-6.25,23.75,0.0,-4.5,-6.5,-1.0,2026-07,diag(May-Jul),-6.25,4.5,0.08620689655172414,7490.250000000001,7490.750000000001,-1.0,0.0,0.08620689655172414
2026-07-21,ESU6,7526.000000000001,7545.750000000001,7554.000000000001,7504.500000000001,7516.500000000001,7547.000000000001,7545.750000000001,7545.750000000001,7547.250000000001,756899.0,109416.0,49.5,7486.000000000001,True,,73.9,1015130.5,59.75,30.5,-1.25,0.0,1.5,1.0,2026-07,diag(May-Jul),61.0,0.0,0.8085250338294993,7546.750000000001,7545.750000000001,1.0,-1.0,0.8254397834912043
2026-07-22,ESU6,7527.750000000001,7536.500000000001,7563.500000000001,7525.250000000001,7549.750000000001,7546.750000000001,7542.500000000001,7542.500000000001,7543.250000000001,726793.0,113593.0,38.25,7545.750000000001,True,,72.775,1003830.5,-3.25,4.0,-4.25,-6.0,0.75,-1.0,2026-07,diag(May-Jul),1.0,6.0,0.04465819306080385,7547.000000000001,7542.500000000001,1.0,-1.0,0.013740982480247337
2026-07-23,ESU6,7453.500000000001,7444.000000000001,7486.250000000001,7411.750000000001,7455.750000000001,7431.250000000001,7436.250000000001,7436.250000000001,7442.250000000001,1217878.0,155542.0,74.5,7536.500000000001,True,,70.9,984116.5,-100.25,-80.75,5.0,7.75,6.0,-1.0,2026-07,diag(May-Jul),-105.25,-7.75,1.4139633286318758,7431.250000000001,7436.250000000001,-1.0,1.0,1.4844851904090266
2026-07-24,ESU6,7444.000000000001,7447.750000000001,7496.500000000001,7431.500000000001,7433.500000000001,7443.250000000001,7435.500000000001,7435.750000000001,7444.000000000001,1140985.0,132271.0,65.0,7444.000000000001,True,,70.0125,984116.5,-8.5,-10.5,-7.75,12.25,8.25,-1.0,2026-07,diag(May-Jul),-0.75,-12.25,0.12140689162649526,7443.250000000001,7435.750000000001,-1.0,-1.0,0.010712372790573112
2026-07-27,ESU6,7507.750000000001,7449.250000000001,7514.000000000001,7416.250000000001,7474.000000000001,7448.750000000001,7454.750000000001,7454.500000000001,7446.750000000001,1155200.0,113937.0,97.75,7447.750000000001,True,,68.2625,984116.5,7.0,26.25,6.0,-5.5,-7.75,1.0,2026-07,diag(May-Jul),1.0,-5.5,0.1025453213697125,7448.750000000001,7454.500000000001,1.0,1.0,0.014649331624244644
2026-07-28,ESU6,7449.750000000001,7466.000000000001,7485.750000000001,7417.000000000001,7422.000000000001,7472.250000000001,7475.000000000001,7475.250000000001,7469.500000000001,1023409.0,115818.0,68.75,7449.250000000001,True,,68.175,984116.5,25.75,-27.25,2.75,-9.0,-5.75,1.0,2026-07,diag(May-Jul),23.0,-9.0,0.3777044371103777,7472.250000000001,7475.250000000001,1.0,1.0,0.3373670700403374
2026-07-29,ESU6,7456.250000000001,7350.250000000001,7482.750000000001,7345.750000000001,7430.000000000001,7475.250000000001,7405.500000000001,7405.500000000001,7352.250000000001,1546473.0,278807.0,137.0,7466.000000000001,True,,66.8125,984116.5,-60.5,-36.0,-69.75,-55.25,-53.25,-1.0,2026-07,diag(May-Jul),9.25,55.25,0.9055191768007483,7475.250000000001,7405.500000000001,1.0,-1.0,0.1384471468662301
2026-07-30,ESU6,7414.500000000001,7472.750000000001,7478.500000000001,7399.000000000001,7439.750000000001,7461.500000000001,7471.500000000001,7471.500000000001,7470.750000000001,1220542.0,155464.0,79.5,7350.250000000001,True,,70.0625,1003830.5,121.25,89.5,10.0,1.25,-0.75,1.0,2026-07,diag(May-Jul),111.25,1.25,1.7305976806422836,7461.500000000001,7471.500000000001,1.0,1.0,1.5878679750223015
2026-07-31,ESU6,7499.000000000001,7520.000000000001,7541.000000000001,7427.500000000001,7470.750000000001,7513.000000000001,7526.750000000001,7526.750000000001,7532.000000000001,1421147.0,238218.0,113.5,7472.750000000001,True,,70.375,1017189.5,54.0,-2.0,13.75,-6.75,5.25,1.0,2026-07,diag(May-Jul),40.25,-6.75,0.7673179396092362,7512.750000000001,7526.750000000001,1.0,1.0,0.5719360568383659
