date,previous_date,symbol,previous_close,signal_price,entry_reference,exit_reference,momentum_direction,strategy,direction,slippage_ticks_per_side,split,gross_usd,net_usd
2025-12-02,2025-12-01,ESZ5,6829.0,6849.75,6849.5,6839.25,1,momentum,1,1,existing_holdout,-512.5,-542.0
2025-12-02,2025-12-01,ESZ5,6829.0,6849.75,6849.5,6839.25,1,momentum,1,2,existing_holdout,-512.5,-567.0
2025-12-02,2025-12-01,ESZ5,6829.0,6849.75,6849.5,6839.25,1,always_long,1,1,existing_holdout,-512.5,-542.0
2025-12-02,2025-12-01,ESZ5,6829.0,6849.75,6849.5,6839.25,1,always_long,1,2,existing_holdout,-512.5,-567.0
2025-12-03,2025-12-02,ESZ5,6839.25,6869.25,6869.0,6862.5,1,momentum,1,1,existing_holdout,-325.0,-354.5
2025-12-03,2025-12-02,ESZ5,6839.25,6869.25,6869.0,6862.5,1,momentum,1,2,existing_holdout,-325.0,-379.5
2025-12-03,2025-12-02,ESZ5,6839.25,6869.25,6869.0,6862.5,1,always_long,1,1,existing_holdout,-325.0,-354.5
2025-12-03,2025-12-02,ESZ5,6839.25,6869.25,6869.0,6862.5,1,always_long,1,2,existing_holdout,-325.0,-379.5
2025-12-04,2025-12-03,ESZ5,6862.5,6850.5,6850.5,6867.25,-1,momentum,-1,1,existing_holdout,-837.5,-867.0
2025-12-04,2025-12-03,ESZ5,6862.5,6850.5,6850.5,6867.25,-1,momentum,-1,2,existing_holdout,-837.5,-892.0
2025-12-04,2025-12-03,ESZ5,6862.5,6850.5,6850.5,6867.25,-1,always_long,1,1,existing_holdout,837.5,808.0
2025-12-04,2025-12-03,ESZ5,6862.5,6850.5,6850.5,6867.25,-1,always_long,1,2,existing_holdout,837.5,783.0
2025-12-05,2025-12-04,ESZ5,6867.5,6881.0,6880.75,6876.75,1,momentum,1,1,existing_holdout,-200.0,-229.5
2025-12-05,2025-12-04,ESZ5,6867.5,6881.0,6880.75,6876.75,1,momentum,1,2,existing_holdout,-200.0,-254.5
2025-12-05,2025-12-04,ESZ5,6867.5,6881.0,6880.75,6876.75,1,always_long,1,1,existing_holdout,-200.0,-229.5
2025-12-05,2025-12-04,ESZ5,6867.5,6881.0,6880.75,6876.75,1,always_long,1,2,existing_holdout,-200.0,-254.5
2025-12-08,2025-12-05,ESZ5,6876.75,6846.0,6846.0,6856.25,-1,momentum,-1,1,existing_holdout,-512.5,-542.0
2025-12-08,2025-12-05,ESZ5,6876.75,6846.0,6846.0,6856.25,-1,momentum,-1,2,existing_holdout,-512.5,-567.0
2025-12-08,2025-12-05,ESZ5,6876.75,6846.0,6846.0,6856.25,-1,always_long,1,1,existing_holdout,512.5,483.0
2025-12-08,2025-12-05,ESZ5,6876.75,6846.0,6846.0,6856.25,-1,always_long,1,2,existing_holdout,512.5,458.0
2025-12-09,2025-12-08,ESZ5,6856.5,6851.75,6851.75,6849.5,-1,momentum,-1,1,existing_holdout,112.5,83.0
2025-12-09,2025-12-08,ESZ5,6856.5,6851.75,6851.75,6849.5,-1,momentum,-1,2,existing_holdout,112.5,58.0
2025-12-09,2025-12-08,ESZ5,6856.5,6851.75,6851.75,6849.5,-1,always_long,1,1,existing_holdout,-112.5,-142.0
2025-12-09,2025-12-08,ESZ5,6856.5,6851.75,6851.75,6849.5,-1,always_long,1,2,existing_holdout,-112.5,-167.0
2025-12-10,2025-12-09,ESZ5,6849.5,6899.5,6899.25,6892.25,1,momentum,1,1,existing_holdout,-350.0,-379.5
2025-12-10,2025-12-09,ESZ5,6849.5,6899.5,6899.25,6892.25,1,momentum,1,2,existing_holdout,-350.0,-404.5
2025-12-10,2025-12-09,ESZ5,6849.5,6899.5,6899.25,6892.25,1,always_long,1,1,existing_holdout,-350.0,-379.5
2025-12-10,2025-12-09,ESZ5,6849.5,6899.5,6899.25,6892.25,1,always_long,1,2,existing_holdout,-350.0,-404.5
2025-12-11,2025-12-10,ESZ5,6892.0,6901.0,6900.75,6908.0,1,momentum,1,1,existing_holdout,362.5,333.0
2025-12-11,2025-12-10,ESZ5,6892.0,6901.0,6900.75,6908.0,1,momentum,1,2,existing_holdout,362.5,308.0
2025-12-11,2025-12-10,ESZ5,6892.0,6901.0,6900.75,6908.0,1,always_long,1,1,existing_holdout,362.5,333.0
2025-12-11,2025-12-10,ESZ5,6892.0,6901.0,6900.75,6908.0,1,always_long,1,2,existing_holdout,362.5,308.0
2025-12-12,2025-12-11,ESZ5,6908.0,6827.25,6827.25,6831.5,-1,momentum,-1,1,existing_holdout,-212.5,-242.0
2025-12-12,2025-12-11,ESZ5,6908.0,6827.25,6827.25,6831.5,-1,momentum,-1,2,existing_holdout,-212.5,-267.0
2025-12-12,2025-12-11,ESZ5,6908.0,6827.25,6827.25,6831.5,-1,always_long,1,1,existing_holdout,212.5,183.0
2025-12-12,2025-12-11,ESZ5,6908.0,6827.25,6827.25,6831.5,-1,always_long,1,2,existing_holdout,212.5,158.0
2025-12-15,2025-12-12,ESZ5,6831.25,6824.25,6824.5,6820.75,-1,momentum,-1,1,existing_holdout,187.5,158.0
2025-12-15,2025-12-12,ESZ5,6831.25,6824.25,6824.5,6820.75,-1,momentum,-1,2,existing_holdout,187.5,133.0
2025-12-15,2025-12-12,ESZ5,6831.25,6824.25,6824.5,6820.75,-1,always_long,1,1,existing_holdout,-187.5,-217.0
2025-12-15,2025-12-12,ESZ5,6831.25,6824.25,6824.5,6820.75,-1,always_long,1,2,existing_holdout,-187.5,-242.0
2025-12-16,2025-12-15,ESH6,6879.0,6859.5,6859.25,6855.25,-1,momentum,-1,1,existing_holdout,200.0,170.5
2025-12-16,2025-12-15,ESH6,6879.0,6859.5,6859.25,6855.25,-1,momentum,-1,2,existing_holdout,200.0,145.5
2025-12-16,2025-12-15,ESH6,6879.0,6859.5,6859.25,6855.25,-1,always_long,1,1,existing_holdout,-200.0,-229.5
2025-12-16,2025-12-15,ESH6,6879.0,6859.5,6859.25,6855.25,-1,always_long,1,2,existing_holdout,-200.0,-254.5
2025-12-17,2025-12-16,ESH6,6855.25,6788.5,6788.5,6776.75,-1,momentum,-1,1,existing_holdout,587.5,558.0
2025-12-17,2025-12-16,ESH6,6855.25,6788.5,6788.5,6776.75,-1,momentum,-1,2,existing_holdout,587.5,533.0
2025-12-17,2025-12-16,ESH6,6855.25,6788.5,6788.5,6776.75,-1,always_long,1,1,existing_holdout,-587.5,-617.0
2025-12-17,2025-12-16,ESH6,6855.25,6788.5,6788.5,6776.75,-1,always_long,1,2,existing_holdout,-587.5,-642.0
2025-12-18,2025-12-17,ESH6,6777.0,6840.25,6840.0,6828.5,1,momentum,1,1,existing_holdout,-575.0,-604.5
2025-12-18,2025-12-17,ESH6,6777.0,6840.25,6840.0,6828.5,1,momentum,1,2,existing_holdout,-575.0,-629.5
2025-12-18,2025-12-17,ESH6,6777.0,6840.25,6840.0,6828.5,1,always_long,1,1,existing_holdout,-575.0,-604.5
2025-12-18,2025-12-17,ESH6,6777.0,6840.25,6840.0,6828.5,1,always_long,1,2,existing_holdout,-575.0,-629.5
2025-12-19,2025-12-18,ESH6,6828.5,6887.75,6887.75,6888.5,1,momentum,1,1,existing_holdout,37.5,8.0
2025-12-19,2025-12-18,ESH6,6828.5,6887.75,6887.75,6888.5,1,momentum,1,2,existing_holdout,37.5,-17.0
2025-12-19,2025-12-18,ESH6,6828.5,6887.75,6887.75,6888.5,1,always_long,1,1,existing_holdout,37.5,8.0
2025-12-19,2025-12-18,ESH6,6828.5,6887.75,6887.75,6888.5,1,always_long,1,2,existing_holdout,37.5,-17.0
2025-12-22,2025-12-19,ESH6,6888.5,6931.5,6931.5,6929.5,1,momentum,1,1,existing_holdout,-100.0,-129.5
2025-12-22,2025-12-19,ESH6,6888.5,6931.5,6931.5,6929.5,1,momentum,1,2,existing_holdout,-100.0,-154.5
2025-12-22,2025-12-19,ESH6,6888.5,6931.5,6931.5,6929.5,1,always_long,1,1,existing_holdout,-100.0,-129.5
2025-12-22,2025-12-19,ESH6,6888.5,6931.5,6931.5,6929.5,1,always_long,1,2,existing_holdout,-100.0,-154.5
2025-12-23,2025-12-22,ESH6,6929.5,6960.0,6960.0,6960.5,1,momentum,1,1,existing_holdout,25.0,-4.5
2025-12-23,2025-12-22,ESH6,6929.5,6960.0,6960.0,6960.5,1,momentum,1,2,existing_holdout,25.0,-29.5
2025-12-23,2025-12-22,ESH6,6929.5,6960.0,6960.0,6960.5,1,always_long,1,1,existing_holdout,25.0,-4.5
2025-12-23,2025-12-22,ESH6,6929.5,6960.0,6960.0,6960.5,1,always_long,1,2,existing_holdout,25.0,-29.5
2025-12-29,2025-12-26,ESH6,6980.0,6958.5,6958.25,6955.25,-1,momentum,-1,1,existing_holdout,150.0,120.5
2025-12-29,2025-12-26,ESH6,6980.0,6958.5,6958.25,6955.25,-1,momentum,-1,2,existing_holdout,150.0,95.5
2025-12-29,2025-12-26,ESH6,6980.0,6958.5,6958.25,6955.25,-1,always_long,1,1,existing_holdout,-150.0,-179.5
2025-12-29,2025-12-26,ESH6,6980.0,6958.5,6958.25,6955.25,-1,always_long,1,2,existing_holdout,-150.0,-204.5
2025-12-30,2025-12-29,ESH6,6955.25,6949.75,6950.0,6945.25,-1,momentum,-1,1,existing_holdout,237.5,208.0
2025-12-30,2025-12-29,ESH6,6955.25,6949.75,6950.0,6945.25,-1,momentum,-1,2,existing_holdout,237.5,183.0
2025-12-30,2025-12-29,ESH6,6955.25,6949.75,6950.0,6945.25,-1,always_long,1,1,existing_holdout,-237.5,-267.0
2025-12-30,2025-12-29,ESH6,6955.25,6949.75,6950.0,6945.25,-1,always_long,1,2,existing_holdout,-237.5,-292.0
2025-12-31,2025-12-30,ESH6,6945.25,6899.5,6899.25,6891.75,-1,momentum,-1,1,existing_holdout,375.0,345.5
2025-12-31,2025-12-30,ESH6,6945.25,6899.5,6899.25,6891.75,-1,momentum,-1,2,existing_holdout,375.0,320.5
2025-12-31,2025-12-30,ESH6,6945.25,6899.5,6899.25,6891.75,-1,always_long,1,1,existing_holdout,-375.0,-404.5
2025-12-31,2025-12-30,ESH6,6945.25,6899.5,6899.25,6891.75,-1,always_long,1,2,existing_holdout,-375.0,-429.5
2026-01-02,2025-12-31,ESH6,6891.75,6901.5,6901.25,6900.5,1,momentum,1,1,existing_holdout,-37.5,-67.0
2026-01-02,2025-12-31,ESH6,6891.75,6901.5,6901.25,6900.5,1,momentum,1,2,existing_holdout,-37.5,-92.0
2026-01-02,2025-12-31,ESH6,6891.75,6901.5,6901.25,6900.5,1,always_long,1,1,existing_holdout,-37.5,-67.0
2026-01-02,2025-12-31,ESH6,6891.75,6901.5,6901.25,6900.5,1,always_long,1,2,existing_holdout,-37.5,-92.0
2026-01-05,2026-01-02,ESH6,6900.25,6948.0,6948.0,6946.25,1,momentum,1,1,existing_holdout,-87.5,-117.0
2026-01-05,2026-01-02,ESH6,6900.25,6948.0,6948.0,6946.25,1,momentum,1,2,existing_holdout,-87.5,-142.0
2026-01-05,2026-01-02,ESH6,6900.25,6948.0,6948.0,6946.25,1,always_long,1,1,existing_holdout,-87.5,-117.0
2026-01-05,2026-01-02,ESH6,6900.25,6948.0,6948.0,6946.25,1,always_long,1,2,existing_holdout,-87.5,-142.0
2026-01-06,2026-01-05,ESH6,6946.25,6988.0,6988.0,6986.25,1,momentum,1,1,existing_holdout,-87.5,-117.0
2026-01-06,2026-01-05,ESH6,6946.25,6988.0,6988.0,6986.25,1,momentum,1,2,existing_holdout,-87.5,-142.0
2026-01-06,2026-01-05,ESH6,6946.25,6988.0,6988.0,6986.25,1,always_long,1,1,existing_holdout,-87.5,-117.0
2026-01-06,2026-01-05,ESH6,6946.25,6988.0,6988.0,6986.25,1,always_long,1,2,existing_holdout,-87.5,-142.0
2026-01-07,2026-01-06,ESH6,6986.25,6970.0,6970.25,6962.75,-1,momentum,-1,1,existing_holdout,375.0,345.5
2026-01-07,2026-01-06,ESH6,6986.25,6970.0,6970.25,6962.75,-1,momentum,-1,2,existing_holdout,375.0,320.5
2026-01-07,2026-01-06,ESH6,6986.25,6970.0,6970.25,6962.75,-1,always_long,1,1,existing_holdout,-375.0,-404.5
2026-01-07,2026-01-06,ESH6,6986.25,6970.0,6970.25,6962.75,-1,always_long,1,2,existing_holdout,-375.0,-429.5
2026-01-08,2026-01-07,ESH6,6963.0,6962.25,6962.5,6960.75,-1,momentum,-1,1,existing_holdout,87.5,58.0
2026-01-08,2026-01-07,ESH6,6963.0,6962.25,6962.5,6960.75,-1,momentum,-1,2,existing_holdout,87.5,33.0
2026-01-08,2026-01-07,ESH6,6963.0,6962.25,6962.5,6960.75,-1,always_long,1,1,existing_holdout,-87.5,-117.0
2026-01-08,2026-01-07,ESH6,6963.0,6962.25,6962.5,6960.75,-1,always_long,1,2,existing_holdout,-87.5,-142.0
2026-01-09,2026-01-08,ESH6,6961.0,7015.0,7014.75,7004.5,1,momentum,1,1,existing_holdout,-512.5,-542.0
2026-01-09,2026-01-08,ESH6,6961.0,7015.0,7014.75,7004.5,1,momentum,1,2,existing_holdout,-512.5,-567.0
2026-01-09,2026-01-08,ESH6,6961.0,7015.0,7014.75,7004.5,1,always_long,1,1,existing_holdout,-512.5,-542.0
2026-01-09,2026-01-08,ESH6,6961.0,7015.0,7014.75,7004.5,1,always_long,1,2,existing_holdout,-512.5,-567.0
2026-01-12,2026-01-09,ESH6,7004.75,7017.5,7017.25,7015.75,1,momentum,1,1,existing_holdout,-75.0,-104.5
2026-01-12,2026-01-09,ESH6,7004.75,7017.5,7017.25,7015.75,1,momentum,1,2,existing_holdout,-75.0,-129.5
2026-01-12,2026-01-09,ESH6,7004.75,7017.5,7017.25,7015.75,1,always_long,1,1,existing_holdout,-75.0,-104.5
2026-01-12,2026-01-09,ESH6,7004.75,7017.5,7017.25,7015.75,1,always_long,1,2,existing_holdout,-75.0,-129.5
2026-01-13,2026-01-12,ESH6,7016.0,6983.0,6983.0,7000.75,-1,momentum,-1,1,existing_holdout,-887.5,-917.0
2026-01-13,2026-01-12,ESH6,7016.0,6983.0,6983.0,7000.75,-1,momentum,-1,2,existing_holdout,-887.5,-942.0
2026-01-13,2026-01-12,ESH6,7016.0,6983.0,6983.0,7000.75,-1,always_long,1,1,existing_holdout,887.5,858.0
2026-01-13,2026-01-12,ESH6,7016.0,6983.0,6983.0,7000.75,-1,always_long,1,2,existing_holdout,887.5,833.0
2026-01-14,2026-01-13,ESH6,7000.75,6954.5,6954.5,6968.25,-1,momentum,-1,1,existing_holdout,-687.5,-717.0
2026-01-14,2026-01-13,ESH6,7000.75,6954.5,6954.5,6968.25,-1,momentum,-1,2,existing_holdout,-687.5,-742.0
2026-01-14,2026-01-13,ESH6,7000.75,6954.5,6954.5,6968.25,-1,always_long,1,1,existing_holdout,687.5,658.0
2026-01-14,2026-01-13,ESH6,7000.75,6954.5,6954.5,6968.25,-1,always_long,1,2,existing_holdout,687.5,633.0
2026-01-15,2026-01-14,ESH6,6968.0,6980.25,6980.25,6984.5,1,momentum,1,1,existing_holdout,212.5,183.0
2026-01-15,2026-01-14,ESH6,6968.0,6980.25,6980.25,6984.5,1,momentum,1,2,existing_holdout,212.5,158.0
2026-01-15,2026-01-14,ESH6,6968.0,6980.25,6980.25,6984.5,1,always_long,1,1,existing_holdout,212.5,183.0
2026-01-15,2026-01-14,ESH6,6968.0,6980.25,6980.25,6984.5,1,always_long,1,2,existing_holdout,212.5,158.0
2026-01-16,2026-01-15,ESH6,6984.75,6982.0,6982.25,6976.25,-1,momentum,-1,1,existing_holdout,300.0,270.5
2026-01-16,2026-01-15,ESH6,6984.75,6982.0,6982.25,6976.25,-1,momentum,-1,2,existing_holdout,300.0,245.5
2026-01-16,2026-01-15,ESH6,6984.75,6982.0,6982.25,6976.25,-1,always_long,1,1,existing_holdout,-300.0,-329.5
2026-01-16,2026-01-15,ESH6,6984.75,6982.0,6982.25,6976.25,-1,always_long,1,2,existing_holdout,-300.0,-354.5
2026-01-21,2026-01-20,ESH6,6833.75,6910.5,6910.5,6910.75,1,momentum,1,1,existing_holdout,12.5,-17.0
2026-01-21,2026-01-20,ESH6,6833.75,6910.5,6910.5,6910.75,1,momentum,1,2,existing_holdout,12.5,-42.0
2026-01-21,2026-01-20,ESH6,6833.75,6910.5,6910.5,6910.75,1,always_long,1,1,existing_holdout,12.5,-17.0
2026-01-21,2026-01-20,ESH6,6833.75,6910.5,6910.5,6910.75,1,always_long,1,2,existing_holdout,12.5,-42.0
2026-01-22,2026-01-21,ESH6,6911.0,6938.25,6938.25,6945.75,1,momentum,1,1,existing_holdout,375.0,345.5
2026-01-22,2026-01-21,ESH6,6911.0,6938.25,6938.25,6945.75,1,momentum,1,2,existing_holdout,375.0,320.5
2026-01-22,2026-01-21,ESH6,6911.0,6938.25,6938.25,6945.75,1,always_long,1,1,existing_holdout,375.0,345.5
2026-01-22,2026-01-21,ESH6,6911.0,6938.25,6938.25,6945.75,1,always_long,1,2,existing_holdout,375.0,320.5
2026-01-23,2026-01-22,ESH6,6946.0,6942.5,6942.5,6945.5,-1,momentum,-1,1,existing_holdout,-150.0,-179.5
2026-01-23,2026-01-22,ESH6,6946.0,6942.5,6942.5,6945.5,-1,momentum,-1,2,existing_holdout,-150.0,-204.5
2026-01-23,2026-01-22,ESH6,6946.0,6942.5,6942.5,6945.5,-1,always_long,1,1,existing_holdout,150.0,120.5
2026-01-23,2026-01-22,ESH6,6946.0,6942.5,6942.5,6945.5,-1,always_long,1,2,existing_holdout,150.0,95.5
2026-01-26,2026-01-23,ESH6,6945.5,6989.0,6989.0,6980.75,1,momentum,1,1,existing_holdout,-412.5,-442.0
2026-01-26,2026-01-23,ESH6,6945.5,6989.0,6989.0,6980.75,1,momentum,1,2,existing_holdout,-412.5,-467.0
2026-01-26,2026-01-23,ESH6,6945.5,6989.0,6989.0,6980.75,1,always_long,1,1,existing_holdout,-412.5,-442.0
2026-01-26,2026-01-23,ESH6,6945.5,6989.0,6989.0,6980.75,1,always_long,1,2,existing_holdout,-412.5,-467.0
2026-01-27,2026-01-26,ESH6,6980.75,7013.25,7013.25,7009.0,1,momentum,1,1,existing_holdout,-212.5,-242.0
2026-01-27,2026-01-26,ESH6,6980.75,7013.25,7013.25,7009.0,1,momentum,1,2,existing_holdout,-212.5,-267.0
2026-01-27,2026-01-26,ESH6,6980.75,7013.25,7013.25,7009.0,1,always_long,1,1,existing_holdout,-212.5,-242.0
2026-01-27,2026-01-26,ESH6,6980.75,7013.25,7013.25,7009.0,1,always_long,1,2,existing_holdout,-212.5,-267.0
2026-01-28,2026-01-27,ESH6,7008.75,7006.25,7006.25,7006.5,-1,momentum,-1,1,existing_holdout,-12.5,-42.0
2026-01-28,2026-01-27,ESH6,7008.75,7006.25,7006.25,7006.5,-1,momentum,-1,2,existing_holdout,-12.5,-67.0
2026-01-28,2026-01-27,ESH6,7008.75,7006.25,7006.25,7006.5,-1,always_long,1,1,existing_holdout,12.5,-17.0
2026-01-28,2026-01-27,ESH6,7008.75,7006.25,7006.25,7006.5,-1,always_long,1,2,existing_holdout,12.5,-42.0
2026-01-29,2026-01-28,ESH6,7006.5,6966.5,6966.5,6990.0,-1,momentum,-1,1,existing_holdout,-1175.0,-1204.5
2026-01-29,2026-01-28,ESH6,7006.5,6966.5,6966.5,6990.0,-1,momentum,-1,2,existing_holdout,-1175.0,-1229.5
2026-01-29,2026-01-28,ESH6,7006.5,6966.5,6966.5,6990.0,-1,always_long,1,1,existing_holdout,1175.0,1145.5
2026-01-29,2026-01-28,ESH6,7006.5,6966.5,6966.5,6990.0,-1,always_long,1,2,existing_holdout,1175.0,1120.5
2026-01-30,2026-01-29,ESH6,6989.75,6948.25,6948.5,6968.0,-1,momentum,-1,1,existing_holdout,-975.0,-1004.5
2026-01-30,2026-01-29,ESH6,6989.75,6948.25,6948.5,6968.0,-1,momentum,-1,2,existing_holdout,-975.0,-1029.5
2026-01-30,2026-01-29,ESH6,6989.75,6948.25,6948.5,6968.0,-1,always_long,1,1,existing_holdout,975.0,945.5
2026-01-30,2026-01-29,ESH6,6989.75,6948.25,6948.5,6968.0,-1,always_long,1,2,existing_holdout,975.0,920.5
2026-02-02,2026-01-30,ESH6,6967.75,7005.75,7005.5,7003.0,1,momentum,1,1,existing_holdout,-125.0,-154.5
2026-02-02,2026-01-30,ESH6,6967.75,7005.75,7005.5,7003.0,1,momentum,1,2,existing_holdout,-125.0,-179.5
2026-02-02,2026-01-30,ESH6,6967.75,7005.75,7005.5,7003.0,1,always_long,1,1,existing_holdout,-125.0,-154.5
2026-02-02,2026-01-30,ESH6,6967.75,7005.75,7005.5,7003.0,1,always_long,1,2,existing_holdout,-125.0,-179.5
2026-02-03,2026-02-02,ESH6,7003.25,6921.75,6921.75,6940.5,-1,momentum,-1,1,existing_holdout,-937.5,-967.0
2026-02-03,2026-02-02,ESH6,7003.25,6921.75,6921.75,6940.5,-1,momentum,-1,2,existing_holdout,-937.5,-992.0
2026-02-03,2026-02-02,ESH6,7003.25,6921.75,6921.75,6940.5,-1,always_long,1,1,existing_holdout,937.5,908.0
2026-02-03,2026-02-02,ESH6,7003.25,6921.75,6921.75,6940.5,-1,always_long,1,2,existing_holdout,937.5,883.0
2026-02-04,2026-02-03,ESH6,6940.5,6920.75,6920.75,6906.5,-1,momentum,-1,1,existing_holdout,712.5,683.0
2026-02-04,2026-02-03,ESH6,6940.5,6920.75,6920.75,6906.5,-1,momentum,-1,2,existing_holdout,712.5,658.0
2026-02-04,2026-02-03,ESH6,6940.5,6920.75,6920.75,6906.5,-1,always_long,1,1,existing_holdout,-712.5,-742.0
2026-02-04,2026-02-03,ESH6,6940.5,6920.75,6920.75,6906.5,-1,always_long,1,2,existing_holdout,-712.5,-767.0
2026-02-05,2026-02-04,ESH6,6906.25,6821.75,6821.5,6818.0,-1,momentum,-1,1,existing_holdout,175.0,145.5
2026-02-05,2026-02-04,ESH6,6906.25,6821.75,6821.5,6818.0,-1,momentum,-1,2,existing_holdout,175.0,120.5
2026-02-05,2026-02-04,ESH6,6906.25,6821.75,6821.5,6818.0,-1,always_long,1,1,existing_holdout,-175.0,-204.5
2026-02-05,2026-02-04,ESH6,6906.25,6821.75,6821.5,6818.0,-1,always_long,1,2,existing_holdout,-175.0,-229.5
2026-02-06,2026-02-05,ESH6,6818.0,6939.5,6939.5,6948.75,1,momentum,1,1,existing_holdout,462.5,433.0
2026-02-06,2026-02-05,ESH6,6818.0,6939.5,6939.5,6948.75,1,momentum,1,2,existing_holdout,462.5,408.0
2026-02-06,2026-02-05,ESH6,6818.0,6939.5,6939.5,6948.75,1,always_long,1,1,existing_holdout,462.5,433.0
2026-02-06,2026-02-05,ESH6,6818.0,6939.5,6939.5,6948.75,1,always_long,1,2,existing_holdout,462.5,408.0
2026-02-09,2026-02-06,ESH6,6948.75,6987.0,6987.0,6980.5,1,momentum,1,1,existing_holdout,-325.0,-354.5
2026-02-09,2026-02-06,ESH6,6948.75,6987.0,6987.0,6980.5,1,momentum,1,2,existing_holdout,-325.0,-379.5
2026-02-09,2026-02-06,ESH6,6948.75,6987.0,6987.0,6980.5,1,always_long,1,1,existing_holdout,-325.0,-354.5
2026-02-09,2026-02-06,ESH6,6948.75,6987.0,6987.0,6980.5,1,always_long,1,2,existing_holdout,-325.0,-379.5
2026-02-10,2026-02-09,ESH6,6980.25,6973.75,6973.5,6961.5,-1,momentum,-1,1,existing_holdout,600.0,570.5
2026-02-10,2026-02-09,ESH6,6980.25,6973.75,6973.5,6961.5,-1,momentum,-1,2,existing_holdout,600.0,545.5
2026-02-10,2026-02-09,ESH6,6980.25,6973.75,6973.5,6961.5,-1,always_long,1,1,existing_holdout,-600.0,-629.5
2026-02-10,2026-02-09,ESH6,6980.25,6973.75,6973.5,6961.5,-1,always_long,1,2,existing_holdout,-600.0,-654.5
2026-02-11,2026-02-10,ESH6,6961.25,6962.0,6962.0,6959.0,1,momentum,1,1,existing_holdout,-150.0,-179.5
2026-02-11,2026-02-10,ESH6,6961.25,6962.0,6962.0,6959.0,1,momentum,1,2,existing_holdout,-150.0,-204.5
2026-02-11,2026-02-10,ESH6,6961.25,6962.0,6962.0,6959.0,1,always_long,1,1,existing_holdout,-150.0,-179.5
2026-02-11,2026-02-10,ESH6,6961.25,6962.0,6962.0,6959.0,1,always_long,1,2,existing_holdout,-150.0,-204.5
2026-02-12,2026-02-11,ESH6,6959.0,6870.25,6870.0,6850.5,-1,momentum,-1,1,existing_holdout,975.0,945.5
2026-02-12,2026-02-11,ESH6,6959.0,6870.25,6870.0,6850.5,-1,momentum,-1,2,existing_holdout,975.0,920.5
2026-02-12,2026-02-11,ESH6,6959.0,6870.25,6870.0,6850.5,-1,always_long,1,1,existing_holdout,-975.0,-1004.5
2026-02-12,2026-02-11,ESH6,6959.0,6870.25,6870.0,6850.5,-1,always_long,1,2,existing_holdout,-975.0,-1029.5
2026-02-13,2026-02-12,ESH6,6850.75,6841.0,6841.0,6850.25,-1,momentum,-1,1,existing_holdout,-462.5,-492.0
2026-02-13,2026-02-12,ESH6,6850.75,6841.0,6841.0,6850.25,-1,momentum,-1,2,existing_holdout,-462.5,-517.0
2026-02-13,2026-02-12,ESH6,6850.75,6841.0,6841.0,6850.25,-1,always_long,1,1,existing_holdout,462.5,433.0
2026-02-13,2026-02-12,ESH6,6850.75,6841.0,6841.0,6850.25,-1,always_long,1,2,existing_holdout,462.5,408.0
2026-02-18,2026-02-17,ESH6,6862.5,6875.25,6875.25,6895.5,1,momentum,1,1,existing_holdout,1012.5,983.0
2026-02-18,2026-02-17,ESH6,6862.5,6875.25,6875.25,6895.5,1,momentum,1,2,existing_holdout,1012.5,958.0
2026-02-18,2026-02-17,ESH6,6862.5,6875.25,6875.25,6895.5,1,always_long,1,1,existing_holdout,1012.5,983.0
2026-02-18,2026-02-17,ESH6,6862.5,6875.25,6875.25,6895.5,1,always_long,1,2,existing_holdout,1012.5,958.0
2026-02-19,2026-02-18,ESH6,6895.5,6861.5,6861.25,6878.25,-1,momentum,-1,1,existing_holdout,-850.0,-879.5
2026-02-19,2026-02-18,ESH6,6895.5,6861.5,6861.25,6878.25,-1,momentum,-1,2,existing_holdout,-850.0,-904.5
2026-02-19,2026-02-18,ESH6,6895.5,6861.5,6861.25,6878.25,-1,always_long,1,1,existing_holdout,850.0,820.5
2026-02-19,2026-02-18,ESH6,6895.5,6861.5,6861.25,6878.25,-1,always_long,1,2,existing_holdout,850.0,795.5
2026-02-20,2026-02-19,ESH6,6878.0,6914.5,6914.5,6924.5,1,momentum,1,1,existing_holdout,500.0,470.5
2026-02-20,2026-02-19,ESH6,6878.0,6914.5,6914.5,6924.5,1,momentum,1,2,existing_holdout,500.0,445.5
2026-02-20,2026-02-19,ESH6,6878.0,6914.5,6914.5,6924.5,1,always_long,1,1,existing_holdout,500.0,470.5
2026-02-20,2026-02-19,ESH6,6878.0,6914.5,6914.5,6924.5,1,always_long,1,2,existing_holdout,500.0,445.5
2026-02-23,2026-02-20,ESH6,6924.75,6843.0,6843.0,6854.0,-1,momentum,-1,1,existing_holdout,-550.0,-579.5
2026-02-23,2026-02-20,ESH6,6924.75,6843.0,6843.0,6854.0,-1,momentum,-1,2,existing_holdout,-550.0,-604.5
2026-02-23,2026-02-20,ESH6,6924.75,6843.0,6843.0,6854.0,-1,always_long,1,1,existing_holdout,550.0,520.5
2026-02-23,2026-02-20,ESH6,6924.75,6843.0,6843.0,6854.0,-1,always_long,1,2,existing_holdout,550.0,495.5
2026-02-24,2026-02-23,ESH6,6854.25,6894.5,6894.5,6903.0,1,momentum,1,1,existing_holdout,425.0,395.5
2026-02-24,2026-02-23,ESH6,6854.25,6894.5,6894.5,6903.0,1,momentum,1,2,existing_holdout,425.0,370.5
2026-02-24,2026-02-23,ESH6,6854.25,6894.5,6894.5,6903.0,1,always_long,1,1,existing_holdout,425.0,395.5
2026-02-24,2026-02-23,ESH6,6854.25,6894.5,6894.5,6903.0,1,always_long,1,2,existing_holdout,425.0,370.5
2026-02-25,2026-02-24,ESH6,6903.0,6957.75,6957.75,6959.5,1,momentum,1,1,existing_holdout,87.5,58.0
2026-02-25,2026-02-24,ESH6,6903.0,6957.75,6957.75,6959.5,1,momentum,1,2,existing_holdout,87.5,33.0
2026-02-25,2026-02-24,ESH6,6903.0,6957.75,6957.75,6959.5,1,always_long,1,1,existing_holdout,87.5,58.0
2026-02-25,2026-02-24,ESH6,6903.0,6957.75,6957.75,6959.5,1,always_long,1,2,existing_holdout,87.5,33.0
2026-02-26,2026-02-25,ESH6,6959.5,6914.75,6914.75,6921.25,-1,momentum,-1,1,existing_holdout,-325.0,-354.5
2026-02-26,2026-02-25,ESH6,6959.5,6914.75,6914.75,6921.25,-1,momentum,-1,2,existing_holdout,-325.0,-379.5
2026-02-26,2026-02-25,ESH6,6959.5,6914.75,6914.75,6921.25,-1,always_long,1,1,existing_holdout,325.0,295.5
2026-02-26,2026-02-25,ESH6,6959.5,6914.75,6914.75,6921.25,-1,always_long,1,2,existing_holdout,325.0,270.5
2026-02-27,2026-02-26,ESH6,6921.5,6881.5,6881.25,6888.0,-1,momentum,-1,1,existing_holdout,-337.5,-367.0
2026-02-27,2026-02-26,ESH6,6921.5,6881.5,6881.25,6888.0,-1,momentum,-1,2,existing_holdout,-337.5,-392.0
2026-02-27,2026-02-26,ESH6,6921.5,6881.5,6881.25,6888.0,-1,always_long,1,1,existing_holdout,337.5,308.0
2026-02-27,2026-02-26,ESH6,6921.5,6881.5,6881.25,6888.0,-1,always_long,1,2,existing_holdout,337.5,283.0
2026-03-02,2026-02-27,ESH6,6888.25,6877.5,6877.5,6887.0,-1,momentum,-1,1,existing_holdout,-475.0,-504.5
2026-03-02,2026-02-27,ESH6,6888.25,6877.5,6877.5,6887.0,-1,momentum,-1,2,existing_holdout,-475.0,-529.5
2026-03-02,2026-02-27,ESH6,6888.25,6877.5,6877.5,6887.0,-1,always_long,1,1,existing_holdout,475.0,445.5
2026-03-02,2026-02-27,ESH6,6888.25,6877.5,6877.5,6887.0,-1,always_long,1,2,existing_holdout,475.0,420.5
2026-03-03,2026-03-02,ESH6,6887.25,6833.75,6833.75,6825.75,-1,momentum,-1,1,existing_holdout,400.0,370.5
2026-03-03,2026-03-02,ESH6,6887.25,6833.75,6833.75,6825.75,-1,momentum,-1,2,existing_holdout,400.0,345.5
2026-03-03,2026-03-02,ESH6,6887.25,6833.75,6833.75,6825.75,-1,always_long,1,1,existing_holdout,-400.0,-429.5
2026-03-03,2026-03-02,ESH6,6887.25,6833.75,6833.75,6825.75,-1,always_long,1,2,existing_holdout,-400.0,-454.5
2026-03-04,2026-03-03,ESH6,6826.0,6885.0,6884.75,6873.0,1,momentum,1,1,existing_holdout,-587.5,-617.0
2026-03-04,2026-03-03,ESH6,6826.0,6885.0,6884.75,6873.0,1,momentum,1,2,existing_holdout,-587.5,-642.0
2026-03-04,2026-03-03,ESH6,6826.0,6885.0,6884.75,6873.0,1,always_long,1,1,existing_holdout,-587.5,-617.0
2026-03-04,2026-03-03,ESH6,6826.0,6885.0,6884.75,6873.0,1,always_long,1,2,existing_holdout,-587.5,-642.0
2026-03-05,2026-03-04,ESH6,6873.0,6816.25,6816.25,6835.0,-1,momentum,-1,1,existing_holdout,-937.5,-967.0
2026-03-05,2026-03-04,ESH6,6873.0,6816.25,6816.25,6835.0,-1,momentum,-1,2,existing_holdout,-937.5,-992.0
2026-03-05,2026-03-04,ESH6,6873.0,6816.25,6816.25,6835.0,-1,always_long,1,1,existing_holdout,937.5,908.0
2026-03-05,2026-03-04,ESH6,6873.0,6816.25,6816.25,6835.0,-1,always_long,1,2,existing_holdout,937.5,883.0
2026-03-06,2026-03-05,ESH6,6835.0,6740.75,6740.5,6742.25,-1,momentum,-1,1,existing_holdout,-87.5,-117.0
2026-03-06,2026-03-05,ESH6,6835.0,6740.75,6740.5,6742.25,-1,momentum,-1,2,existing_holdout,-87.5,-142.0
2026-03-06,2026-03-05,ESH6,6835.0,6740.75,6740.5,6742.25,-1,always_long,1,1,existing_holdout,87.5,58.0
2026-03-06,2026-03-05,ESH6,6835.0,6740.75,6740.5,6742.25,-1,always_long,1,2,existing_holdout,87.5,33.0
2026-03-09,2026-03-06,ESH6,6742.5,6792.5,6792.75,6801.75,1,momentum,1,1,existing_holdout,450.0,420.5
2026-03-09,2026-03-06,ESH6,6742.5,6792.5,6792.75,6801.75,1,momentum,1,2,existing_holdout,450.0,395.5
2026-03-09,2026-03-06,ESH6,6742.5,6792.5,6792.75,6801.75,1,always_long,1,1,existing_holdout,450.0,420.5
2026-03-09,2026-03-06,ESH6,6742.5,6792.5,6792.75,6801.75,1,always_long,1,2,existing_holdout,450.0,395.5
2026-03-10,2026-03-09,ESH6,6801.75,6791.5,6791.75,6788.0,-1,momentum,-1,1,existing_holdout,187.5,158.0
2026-03-10,2026-03-09,ESH6,6801.75,6791.5,6791.75,6788.0,-1,momentum,-1,2,existing_holdout,187.5,133.0
2026-03-10,2026-03-09,ESH6,6801.75,6791.5,6791.75,6788.0,-1,always_long,1,1,existing_holdout,-187.5,-217.0
2026-03-10,2026-03-09,ESH6,6801.75,6791.5,6791.75,6788.0,-1,always_long,1,2,existing_holdout,-187.5,-242.0
2026-03-11,2026-03-10,ESH6,6788.0,6766.5,6766.5,6779.75,-1,momentum,-1,1,existing_holdout,-662.5,-692.0
2026-03-11,2026-03-10,ESH6,6788.0,6766.5,6766.5,6779.75,-1,momentum,-1,2,existing_holdout,-662.5,-717.0
2026-03-11,2026-03-10,ESH6,6788.0,6766.5,6766.5,6779.75,-1,always_long,1,1,existing_holdout,662.5,633.0
2026-03-11,2026-03-10,ESH6,6788.0,6766.5,6766.5,6779.75,-1,always_long,1,2,existing_holdout,662.5,608.0
2026-03-12,2026-03-11,ESH6,6779.75,6696.25,6696.25,6676.5,-1,momentum,-1,1,existing_holdout,987.5,958.0
2026-03-12,2026-03-11,ESH6,6779.75,6696.25,6696.25,6676.5,-1,momentum,-1,2,existing_holdout,987.5,933.0
2026-03-12,2026-03-11,ESH6,6779.75,6696.25,6696.25,6676.5,-1,always_long,1,1,existing_holdout,-987.5,-1017.0
2026-03-12,2026-03-11,ESH6,6779.75,6696.25,6696.25,6676.5,-1,always_long,1,2,existing_holdout,-987.5,-1042.0
2026-03-13,2026-03-12,ESH6,6676.5,6637.0,6637.0,6637.0,-1,momentum,-1,1,existing_holdout,-0.0,-29.5
2026-03-13,2026-03-12,ESH6,6676.5,6637.0,6637.0,6637.0,-1,momentum,-1,2,existing_holdout,-0.0,-54.5
2026-03-13,2026-03-12,ESH6,6676.5,6637.0,6637.0,6637.0,-1,always_long,1,1,existing_holdout,0.0,-29.5
2026-03-13,2026-03-12,ESH6,6676.5,6637.0,6637.0,6637.0,-1,always_long,1,2,existing_holdout,0.0,-54.5
2026-03-16,2026-03-13,ESH6,6637.0,6706.0,6706.0,6703.0,1,momentum,1,1,existing_holdout,-150.0,-179.5
2026-03-16,2026-03-13,ESH6,6637.0,6706.0,6706.0,6703.0,1,momentum,1,2,existing_holdout,-150.0,-204.5
2026-03-16,2026-03-13,ESH6,6637.0,6706.0,6706.0,6703.0,1,always_long,1,1,existing_holdout,-150.0,-179.5
2026-03-16,2026-03-13,ESH6,6637.0,6706.0,6706.0,6703.0,1,always_long,1,2,existing_holdout,-150.0,-204.5
2026-03-17,2026-03-16,ESM6,6753.75,6774.5,6774.5,6771.75,1,momentum,1,1,existing_holdout,-137.5,-167.0
2026-03-17,2026-03-16,ESM6,6753.75,6774.5,6774.5,6771.75,1,momentum,1,2,existing_holdout,-137.5,-192.0
2026-03-17,2026-03-16,ESM6,6753.75,6774.5,6774.5,6771.75,1,always_long,1,1,existing_holdout,-137.5,-167.0
2026-03-17,2026-03-16,ESM6,6753.75,6774.5,6774.5,6771.75,1,always_long,1,2,existing_holdout,-137.5,-192.0
2026-03-18,2026-03-17,ESM6,6771.75,6691.25,6691.25,6677.0,-1,momentum,-1,1,existing_holdout,712.5,683.0
2026-03-18,2026-03-17,ESM6,6771.75,6691.25,6691.25,6677.0,-1,momentum,-1,2,existing_holdout,712.5,658.0
2026-03-18,2026-03-17,ESM6,6771.75,6691.25,6691.25,6677.0,-1,always_long,1,1,existing_holdout,-712.5,-742.0
2026-03-18,2026-03-17,ESM6,6771.75,6691.25,6691.25,6677.0,-1,always_long,1,2,existing_holdout,-712.5,-767.0
2026-03-19,2026-03-18,ESM6,6677.25,6664.5,6664.25,6659.0,-1,momentum,-1,1,existing_holdout,262.5,233.0
2026-03-19,2026-03-18,ESM6,6677.25,6664.5,6664.25,6659.0,-1,momentum,-1,2,existing_holdout,262.5,208.0
2026-03-19,2026-03-18,ESM6,6677.25,6664.5,6664.25,6659.0,-1,always_long,1,1,existing_holdout,-262.5,-292.0
2026-03-19,2026-03-18,ESM6,6677.25,6664.5,6664.25,6659.0,-1,always_long,1,2,existing_holdout,-262.5,-317.0
2026-03-20,2026-03-19,ESM6,6658.75,6547.75,6548.0,6562.75,-1,momentum,-1,1,existing_holdout,-737.5,-767.0
2026-03-20,2026-03-19,ESM6,6658.75,6547.75,6548.0,6562.75,-1,momentum,-1,2,existing_holdout,-737.5,-792.0
2026-03-20,2026-03-19,ESM6,6658.75,6547.75,6548.0,6562.75,-1,always_long,1,1,existing_holdout,737.5,708.0
2026-03-20,2026-03-19,ESM6,6658.75,6547.75,6548.0,6562.75,-1,always_long,1,2,existing_holdout,737.5,683.0
2026-03-23,2026-03-20,ESM6,6562.75,6650.75,6650.5,6631.5,1,momentum,1,1,existing_holdout,-950.0,-979.5
2026-03-23,2026-03-20,ESM6,6562.75,6650.75,6650.5,6631.5,1,momentum,1,2,existing_holdout,-950.0,-1004.5
2026-03-23,2026-03-20,ESM6,6562.75,6650.75,6650.5,6631.5,1,always_long,1,1,existing_holdout,-950.0,-979.5
2026-03-23,2026-03-20,ESM6,6562.75,6650.75,6650.5,6631.5,1,always_long,1,2,existing_holdout,-950.0,-1004.5
2026-03-24,2026-03-23,ESM6,6631.5,6619.75,6619.5,6607.0,-1,momentum,-1,1,existing_holdout,625.0,595.5
2026-03-24,2026-03-23,ESM6,6631.5,6619.75,6619.5,6607.0,-1,momentum,-1,2,existing_holdout,625.0,570.5
2026-03-24,2026-03-23,ESM6,6631.5,6619.75,6619.5,6607.0,-1,always_long,1,1,existing_holdout,-625.0,-654.5
2026-03-24,2026-03-23,ESM6,6631.5,6619.75,6619.5,6607.0,-1,always_long,1,2,existing_holdout,-625.0,-679.5
2026-03-25,2026-03-24,ESM6,6607.0,6640.25,6640.25,6641.75,1,momentum,1,1,existing_holdout,75.0,45.5
2026-03-25,2026-03-24,ESM6,6607.0,6640.25,6640.25,6641.75,1,momentum,1,2,existing_holdout,75.0,20.5
2026-03-25,2026-03-24,ESM6,6607.0,6640.25,6640.25,6641.75,1,always_long,1,1,existing_holdout,75.0,45.5
2026-03-25,2026-03-24,ESM6,6607.0,6640.25,6640.25,6641.75,1,always_long,1,2,existing_holdout,75.0,20.5
2026-03-26,2026-03-25,ESM6,6642.0,6534.0,6534.0,6523.0,-1,momentum,-1,1,existing_holdout,550.0,520.5
2026-03-26,2026-03-25,ESM6,6642.0,6534.0,6534.0,6523.0,-1,momentum,-1,2,existing_holdout,550.0,495.5
2026-03-26,2026-03-25,ESM6,6642.0,6534.0,6534.0,6523.0,-1,always_long,1,1,existing_holdout,-550.0,-579.5
2026-03-26,2026-03-25,ESM6,6642.0,6534.0,6534.0,6523.0,-1,always_long,1,2,existing_holdout,-550.0,-604.5
2026-03-27,2026-03-26,ESM6,6523.0,6416.0,6416.0,6407.25,-1,momentum,-1,1,existing_holdout,437.5,408.0
2026-03-27,2026-03-26,ESM6,6523.0,6416.0,6416.0,6407.25,-1,momentum,-1,2,existing_holdout,437.5,383.0
2026-03-27,2026-03-26,ESM6,6523.0,6416.0,6416.0,6407.25,-1,always_long,1,1,existing_holdout,-437.5,-467.0
2026-03-27,2026-03-26,ESM6,6523.0,6416.0,6416.0,6407.25,-1,always_long,1,2,existing_holdout,-437.5,-492.0
2026-03-30,2026-03-27,ESM6,6407.25,6362.5,6362.75,6388.0,-1,momentum,-1,1,existing_holdout,-1262.5,-1292.0
2026-03-30,2026-03-27,ESM6,6407.25,6362.5,6362.75,6388.0,-1,momentum,-1,2,existing_holdout,-1262.5,-1317.0
2026-03-30,2026-03-27,ESM6,6407.25,6362.5,6362.75,6388.0,-1,always_long,1,1,existing_holdout,1262.5,1233.0
2026-03-30,2026-03-27,ESM6,6407.25,6362.5,6362.75,6388.0,-1,always_long,1,2,existing_holdout,1262.5,1208.0
2026-03-31,2026-03-30,ESM6,6387.75,6561.5,6561.75,6569.25,1,momentum,1,1,existing_holdout,375.0,345.5
2026-03-31,2026-03-30,ESM6,6387.75,6561.5,6561.75,6569.25,1,momentum,1,2,existing_holdout,375.0,320.5
2026-03-31,2026-03-30,ESM6,6387.75,6561.5,6561.75,6569.25,1,always_long,1,1,existing_holdout,375.0,345.5
2026-03-31,2026-03-30,ESM6,6387.75,6561.5,6561.75,6569.25,1,always_long,1,2,existing_holdout,375.0,320.5
2026-04-01,2026-03-31,ESM6,6569.25,6628.25,6628.25,6619.5,1,momentum,1,1,existing_in_sample,-437.5,-467.0
2026-04-01,2026-03-31,ESM6,6569.25,6628.25,6628.25,6619.5,1,momentum,1,2,existing_in_sample,-437.5,-492.0
2026-04-01,2026-03-31,ESM6,6569.25,6628.25,6628.25,6619.5,1,always_long,1,1,existing_in_sample,-437.5,-467.0
2026-04-01,2026-03-31,ESM6,6569.25,6628.25,6628.25,6619.5,1,always_long,1,2,existing_in_sample,-437.5,-492.0
2026-04-02,2026-04-01,ESM6,6619.5,6608.0,6608.0,6623.25,-1,momentum,-1,1,existing_in_sample,-762.5,-792.0
2026-04-02,2026-04-01,ESM6,6619.5,6608.0,6608.0,6623.25,-1,momentum,-1,2,existing_in_sample,-762.5,-817.0
2026-04-02,2026-04-01,ESM6,6619.5,6608.0,6608.0,6623.25,-1,always_long,1,1,existing_in_sample,762.5,733.0
2026-04-02,2026-04-01,ESM6,6619.5,6608.0,6608.0,6623.25,-1,always_long,1,2,existing_in_sample,762.5,708.0
2026-04-06,2026-04-02,ESM6,6623.0,6642.5,6642.75,6653.0,1,momentum,1,1,existing_in_sample,512.5,483.0
2026-04-06,2026-04-02,ESM6,6623.0,6642.5,6642.75,6653.0,1,momentum,1,2,existing_in_sample,512.5,458.0
2026-04-06,2026-04-02,ESM6,6623.0,6642.5,6642.75,6653.0,1,always_long,1,1,existing_in_sample,512.5,483.0
2026-04-06,2026-04-02,ESM6,6623.0,6642.5,6642.75,6653.0,1,always_long,1,2,existing_in_sample,512.5,458.0
2026-04-07,2026-04-06,ESM6,6653.0,6629.75,6629.75,6655.5,-1,momentum,-1,1,existing_in_sample,-1287.5,-1317.0
2026-04-07,2026-04-06,ESM6,6653.0,6629.75,6629.75,6655.5,-1,momentum,-1,2,existing_in_sample,-1287.5,-1342.0
2026-04-07,2026-04-06,ESM6,6653.0,6629.75,6629.75,6655.5,-1,always_long,1,1,existing_in_sample,1287.5,1258.0
2026-04-07,2026-04-06,ESM6,6653.0,6629.75,6629.75,6655.5,-1,always_long,1,2,existing_in_sample,1287.5,1233.0
2026-04-08,2026-04-07,ESM6,6655.5,6799.5,6799.5,6823.5,1,momentum,1,1,existing_in_sample,1200.0,1170.5
2026-04-08,2026-04-07,ESM6,6655.5,6799.5,6799.5,6823.5,1,momentum,1,2,existing_in_sample,1200.0,1145.5
2026-04-08,2026-04-07,ESM6,6655.5,6799.5,6799.5,6823.5,1,always_long,1,1,existing_in_sample,1200.0,1170.5
2026-04-08,2026-04-07,ESM6,6655.5,6799.5,6799.5,6823.5,1,always_long,1,2,existing_in_sample,1200.0,1145.5
2026-04-09,2026-04-08,ESM6,6823.5,6863.0,6863.25,6861.75,1,momentum,1,1,existing_in_sample,-75.0,-104.5
2026-04-09,2026-04-08,ESM6,6823.5,6863.0,6863.25,6861.75,1,momentum,1,2,existing_in_sample,-75.0,-129.5
2026-04-09,2026-04-08,ESM6,6823.5,6863.0,6863.25,6861.75,1,always_long,1,1,existing_in_sample,-75.0,-104.5
2026-04-09,2026-04-08,ESM6,6823.5,6863.0,6863.25,6861.75,1,always_long,1,2,existing_in_sample,-75.0,-129.5
2026-04-10,2026-04-09,ESM6,6861.75,6858.75,6858.75,6855.5,-1,momentum,-1,1,existing_in_sample,162.5,133.0
2026-04-10,2026-04-09,ESM6,6861.75,6858.75,6858.75,6855.5,-1,momentum,-1,2,existing_in_sample,162.5,108.0
2026-04-10,2026-04-09,ESM6,6861.75,6858.75,6858.75,6855.5,-1,always_long,1,1,existing_in_sample,-162.5,-192.0
2026-04-10,2026-04-09,ESM6,6861.75,6858.75,6858.75,6855.5,-1,always_long,1,2,existing_in_sample,-162.5,-217.0
2026-04-13,2026-04-10,ESM6,6855.5,6900.0,6899.75,6921.25,1,momentum,1,1,existing_in_sample,1075.0,1045.5
2026-04-13,2026-04-10,ESM6,6855.5,6900.0,6899.75,6921.25,1,momentum,1,2,existing_in_sample,1075.0,1020.5
2026-04-13,2026-04-10,ESM6,6855.5,6900.0,6899.75,6921.25,1,always_long,1,1,existing_in_sample,1075.0,1045.5
2026-04-13,2026-04-10,ESM6,6855.5,6900.0,6899.75,6921.25,1,always_long,1,2,existing_in_sample,1075.0,1020.5
2026-04-14,2026-04-13,ESM6,6921.25,7004.5,7004.75,7006.0,1,momentum,1,1,existing_in_sample,62.5,33.0
2026-04-14,2026-04-13,ESM6,6921.25,7004.5,7004.75,7006.0,1,momentum,1,2,existing_in_sample,62.5,8.0
2026-04-14,2026-04-13,ESM6,6921.25,7004.5,7004.75,7006.0,1,always_long,1,1,existing_in_sample,62.5,33.0
2026-04-14,2026-04-13,ESM6,6921.25,7004.5,7004.75,7006.0,1,always_long,1,2,existing_in_sample,62.5,8.0
2026-04-15,2026-04-14,ESM6,7006.0,7061.75,7061.75,7060.0,1,momentum,1,1,existing_in_sample,-87.5,-117.0
2026-04-15,2026-04-14,ESM6,7006.0,7061.75,7061.75,7060.0,1,momentum,1,2,existing_in_sample,-87.5,-142.0
2026-04-15,2026-04-14,ESM6,7006.0,7061.75,7061.75,7060.0,1,always_long,1,1,existing_in_sample,-87.5,-117.0
2026-04-15,2026-04-14,ESM6,7006.0,7061.75,7061.75,7060.0,1,always_long,1,2,existing_in_sample,-87.5,-142.0
2026-04-16,2026-04-15,ESM6,7060.25,7070.5,7070.75,7076.5,1,momentum,1,1,existing_in_sample,287.5,258.0
2026-04-16,2026-04-15,ESM6,7060.25,7070.5,7070.75,7076.5,1,momentum,1,2,existing_in_sample,287.5,233.0
2026-04-16,2026-04-15,ESM6,7060.25,7070.5,7070.75,7076.5,1,always_long,1,1,existing_in_sample,287.5,258.0
2026-04-16,2026-04-15,ESM6,7060.25,7070.5,7070.75,7076.5,1,always_long,1,2,existing_in_sample,287.5,233.0
2026-04-17,2026-04-16,ESM6,7076.5,7153.75,7154.0,7161.25,1,momentum,1,1,existing_in_sample,362.5,333.0
2026-04-17,2026-04-16,ESM6,7076.5,7153.75,7154.0,7161.25,1,momentum,1,2,existing_in_sample,362.5,308.0
2026-04-17,2026-04-16,ESM6,7076.5,7153.75,7154.0,7161.25,1,always_long,1,1,existing_in_sample,362.5,333.0
2026-04-17,2026-04-16,ESM6,7076.5,7153.75,7154.0,7161.25,1,always_long,1,2,existing_in_sample,362.5,308.0
2026-04-20,2026-04-17,ESM6,7161.5,7140.75,7140.5,7148.25,-1,momentum,-1,1,existing_in_sample,-387.5,-417.0
2026-04-20,2026-04-17,ESM6,7161.5,7140.75,7140.5,7148.25,-1,momentum,-1,2,existing_in_sample,-387.5,-442.0
2026-04-20,2026-04-17,ESM6,7161.5,7140.75,7140.5,7148.25,-1,always_long,1,1,existing_in_sample,387.5,358.0
2026-04-20,2026-04-17,ESM6,7161.5,7140.75,7140.5,7148.25,-1,always_long,1,2,existing_in_sample,387.5,333.0
2026-04-21,2026-04-20,ESM6,7148.25,7136.75,7136.75,7100.75,-1,momentum,-1,1,existing_in_sample,1800.0,1770.5
2026-04-21,2026-04-20,ESM6,7148.25,7136.75,7136.75,7100.75,-1,momentum,-1,2,existing_in_sample,1800.0,1745.5
2026-04-21,2026-04-20,ESM6,7148.25,7136.75,7136.75,7100.75,-1,always_long,1,1,existing_in_sample,-1800.0,-1829.5
2026-04-21,2026-04-20,ESM6,7148.25,7136.75,7136.75,7100.75,-1,always_long,1,2,existing_in_sample,-1800.0,-1854.5
2026-04-22,2026-04-21,ESM6,7100.5,7162.75,7162.75,7170.25,1,momentum,1,1,existing_in_sample,375.0,345.5
2026-04-22,2026-04-21,ESM6,7100.5,7162.75,7162.75,7170.25,1,momentum,1,2,existing_in_sample,375.0,320.5
2026-04-22,2026-04-21,ESM6,7100.5,7162.75,7162.75,7170.25,1,always_long,1,1,existing_in_sample,375.0,345.5
2026-04-22,2026-04-21,ESM6,7100.5,7162.75,7162.75,7170.25,1,always_long,1,2,existing_in_sample,375.0,320.5
2026-04-23,2026-04-22,ESM6,7170.25,7141.25,7141.25,7142.0,-1,momentum,-1,1,existing_in_sample,-37.5,-67.0
2026-04-23,2026-04-22,ESM6,7170.25,7141.25,7141.25,7142.0,-1,momentum,-1,2,existing_in_sample,-37.5,-92.0
2026-04-23,2026-04-22,ESM6,7170.25,7141.25,7141.25,7142.0,-1,always_long,1,1,existing_in_sample,37.5,8.0
2026-04-23,2026-04-22,ESM6,7170.25,7141.25,7141.25,7142.0,-1,always_long,1,2,existing_in_sample,37.5,-17.0
2026-04-24,2026-04-23,ESM6,7141.75,7193.0,7193.0,7194.5,1,momentum,1,1,existing_in_sample,75.0,45.5
2026-04-24,2026-04-23,ESM6,7141.75,7193.0,7193.0,7194.5,1,momentum,1,2,existing_in_sample,75.0,20.5
2026-04-24,2026-04-23,ESM6,7141.75,7193.0,7193.0,7194.5,1,always_long,1,1,existing_in_sample,75.0,45.5
2026-04-24,2026-04-23,ESM6,7141.75,7193.0,7193.0,7194.5,1,always_long,1,2,existing_in_sample,75.0,20.5
2026-04-27,2026-04-24,ESM6,7194.5,7206.0,7206.0,7207.0,1,momentum,1,1,existing_in_sample,50.0,20.5
2026-04-27,2026-04-24,ESM6,7194.5,7206.0,7206.0,7207.0,1,momentum,1,2,existing_in_sample,50.0,-4.5
2026-04-27,2026-04-24,ESM6,7194.5,7206.0,7206.0,7207.0,1,always_long,1,1,existing_in_sample,50.0,20.5
2026-04-27,2026-04-24,ESM6,7194.5,7206.0,7206.0,7207.0,1,always_long,1,2,existing_in_sample,50.0,-4.5
2026-04-28,2026-04-27,ESM6,7207.25,7170.25,7170.25,7171.5,-1,momentum,-1,1,existing_in_sample,-62.5,-92.0
2026-04-28,2026-04-27,ESM6,7207.25,7170.25,7170.25,7171.5,-1,momentum,-1,2,existing_in_sample,-62.5,-117.0
2026-04-28,2026-04-27,ESM6,7207.25,7170.25,7170.25,7171.5,-1,always_long,1,1,existing_in_sample,62.5,33.0
2026-04-28,2026-04-27,ESM6,7207.25,7170.25,7170.25,7171.5,-1,always_long,1,2,existing_in_sample,62.5,8.0
2026-04-29,2026-04-28,ESM6,7171.5,7162.0,7162.0,7170.25,-1,momentum,-1,1,existing_in_sample,-412.5,-442.0
2026-04-29,2026-04-28,ESM6,7171.5,7162.0,7162.0,7170.25,-1,momentum,-1,2,existing_in_sample,-412.5,-467.0
2026-04-29,2026-04-28,ESM6,7171.5,7162.0,7162.0,7170.25,-1,always_long,1,1,existing_in_sample,412.5,383.0
2026-04-29,2026-04-28,ESM6,7171.5,7162.0,7162.0,7170.25,-1,always_long,1,2,existing_in_sample,412.5,358.0
2026-04-30,2026-04-29,ESM6,7170.5,7245.0,7245.0,7238.0,1,momentum,1,1,existing_in_sample,-350.0,-379.5
2026-04-30,2026-04-29,ESM6,7170.5,7245.0,7245.0,7238.0,1,momentum,1,2,existing_in_sample,-350.0,-404.5
2026-04-30,2026-04-29,ESM6,7170.5,7245.0,7245.0,7238.0,1,always_long,1,1,existing_in_sample,-350.0,-379.5
2026-04-30,2026-04-29,ESM6,7170.5,7245.0,7245.0,7238.0,1,always_long,1,2,existing_in_sample,-350.0,-404.5
2026-05-01,2026-04-30,ESM6,7238.25,7275.25,7275.5,7257.5,1,momentum,1,1,existing_in_sample,-900.0,-929.5
2026-05-01,2026-04-30,ESM6,7238.25,7275.25,7275.5,7257.5,1,momentum,1,2,existing_in_sample,-900.0,-954.5
2026-05-01,2026-04-30,ESM6,7238.25,7275.25,7275.5,7257.5,1,always_long,1,1,existing_in_sample,-900.0,-929.5
2026-05-01,2026-04-30,ESM6,7238.25,7275.25,7275.5,7257.5,1,always_long,1,2,existing_in_sample,-900.0,-954.5
2026-05-04,2026-05-01,ESM6,7257.5,7226.75,7226.75,7231.25,-1,momentum,-1,1,existing_in_sample,-225.0,-254.5
2026-05-04,2026-05-01,ESM6,7257.5,7226.75,7226.75,7231.25,-1,momentum,-1,2,existing_in_sample,-225.0,-279.5
2026-05-04,2026-05-01,ESM6,7257.5,7226.75,7226.75,7231.25,-1,always_long,1,1,existing_in_sample,225.0,195.5
2026-05-04,2026-05-01,ESM6,7257.5,7226.75,7226.75,7231.25,-1,always_long,1,2,existing_in_sample,225.0,170.5
2026-05-05,2026-05-04,ESM6,7231.0,7296.5,7296.5,7286.75,1,momentum,1,1,existing_in_sample,-487.5,-517.0
2026-05-05,2026-05-04,ESM6,7231.0,7296.5,7296.5,7286.75,1,momentum,1,2,existing_in_sample,-487.5,-542.0
2026-05-05,2026-05-04,ESM6,7231.0,7296.5,7296.5,7286.75,1,always_long,1,1,existing_in_sample,-487.5,-517.0
2026-05-05,2026-05-04,ESM6,7231.0,7296.5,7296.5,7286.75,1,always_long,1,2,existing_in_sample,-487.5,-542.0
2026-05-06,2026-05-05,ESM6,7287.0,7388.500000000001,7388.250000000001,7386.750000000001,1,momentum,1,1,existing_in_sample,-75.0,-104.5
2026-05-06,2026-05-05,ESM6,7287.0,7388.500000000001,7388.250000000001,7386.750000000001,1,momentum,1,2,existing_in_sample,-75.0,-129.5
2026-05-06,2026-05-05,ESM6,7287.0,7388.500000000001,7388.250000000001,7386.750000000001,1,always_long,1,1,existing_in_sample,-75.0,-104.5
2026-05-06,2026-05-05,ESM6,7287.0,7388.500000000001,7388.250000000001,7386.750000000001,1,always_long,1,2,existing_in_sample,-75.0,-129.5
2026-05-07,2026-05-06,ESM6,7386.750000000001,7354.000000000001,7353.750000000001,7364.500000000001,-1,momentum,-1,1,existing_in_sample,-537.5,-567.0
2026-05-07,2026-05-06,ESM6,7386.750000000001,7354.000000000001,7353.750000000001,7364.500000000001,-1,momentum,-1,2,existing_in_sample,-537.5,-592.0
2026-05-07,2026-05-06,ESM6,7386.750000000001,7354.000000000001,7353.750000000001,7364.500000000001,-1,always_long,1,1,existing_in_sample,537.5,508.0
2026-05-07,2026-05-06,ESM6,7386.750000000001,7354.000000000001,7353.750000000001,7364.500000000001,-1,always_long,1,2,existing_in_sample,537.5,483.0
2026-05-08,2026-05-07,ESM6,7364.250000000001,7412.750000000001,7413.000000000001,7421.000000000001,1,momentum,1,1,existing_in_sample,400.0,370.5
2026-05-08,2026-05-07,ESM6,7364.250000000001,7412.750000000001,7413.000000000001,7421.000000000001,1,momentum,1,2,existing_in_sample,400.0,345.5
2026-05-08,2026-05-07,ESM6,7364.250000000001,7412.750000000001,7413.000000000001,7421.000000000001,1,always_long,1,1,existing_in_sample,400.0,370.5
2026-05-08,2026-05-07,ESM6,7364.250000000001,7412.750000000001,7413.000000000001,7421.000000000001,1,always_long,1,2,existing_in_sample,400.0,345.5
2026-05-11,2026-05-08,ESM6,7421.000000000001,7431.250000000001,7431.250000000001,7438.750000000001,1,momentum,1,1,existing_in_sample,375.0,345.5
2026-05-11,2026-05-08,ESM6,7421.000000000001,7431.250000000001,7431.250000000001,7438.750000000001,1,momentum,1,2,existing_in_sample,375.0,320.5
2026-05-11,2026-05-08,ESM6,7421.000000000001,7431.250000000001,7431.250000000001,7438.750000000001,1,always_long,1,1,existing_in_sample,375.0,345.5
2026-05-11,2026-05-08,ESM6,7421.000000000001,7431.250000000001,7431.250000000001,7438.750000000001,1,always_long,1,2,existing_in_sample,375.0,320.5
2026-05-12,2026-05-11,ESM6,7438.750000000001,7416.000000000001,7416.000000000001,7428.000000000001,-1,momentum,-1,1,existing_in_sample,-600.0,-629.5
2026-05-12,2026-05-11,ESM6,7438.750000000001,7416.000000000001,7416.000000000001,7428.000000000001,-1,momentum,-1,2,existing_in_sample,-600.0,-654.5
2026-05-12,2026-05-11,ESM6,7438.750000000001,7416.000000000001,7416.000000000001,7428.000000000001,-1,always_long,1,1,existing_in_sample,600.0,570.5
2026-05-12,2026-05-11,ESM6,7438.750000000001,7416.000000000001,7416.000000000001,7428.000000000001,-1,always_long,1,2,existing_in_sample,600.0,545.5
2026-05-13,2026-05-12,ESM6,7428.250000000001,7479.750000000001,7479.750000000001,7468.500000000001,1,momentum,1,1,existing_in_sample,-562.5,-592.0
2026-05-13,2026-05-12,ESM6,7428.250000000001,7479.750000000001,7479.750000000001,7468.500000000001,1,momentum,1,2,existing_in_sample,-562.5,-617.0
2026-05-13,2026-05-12,ESM6,7428.250000000001,7479.750000000001,7479.750000000001,7468.500000000001,1,always_long,1,1,existing_in_sample,-562.5,-592.0
2026-05-13,2026-05-12,ESM6,7428.250000000001,7479.750000000001,7479.750000000001,7468.500000000001,1,always_long,1,2,existing_in_sample,-562.5,-617.0
2026-05-14,2026-05-13,ESM6,7468.500000000001,7525.000000000001,7525.250000000001,7526.000000000001,1,momentum,1,1,existing_in_sample,37.5,8.0
2026-05-14,2026-05-13,ESM6,7468.500000000001,7525.000000000001,7525.250000000001,7526.000000000001,1,momentum,1,2,existing_in_sample,37.5,-17.0
2026-05-14,2026-05-13,ESM6,7468.500000000001,7525.000000000001,7525.250000000001,7526.000000000001,1,always_long,1,1,existing_in_sample,37.5,8.0
2026-05-14,2026-05-13,ESM6,7468.500000000001,7525.000000000001,7525.250000000001,7526.000000000001,1,always_long,1,2,existing_in_sample,37.5,-17.0
2026-05-15,2026-05-14,ESM6,7526.000000000001,7442.750000000001,7442.500000000001,7432.500000000001,-1,momentum,-1,1,existing_in_sample,500.0,470.5
2026-05-15,2026-05-14,ESM6,7526.000000000001,7442.750000000001,7442.500000000001,7432.500000000001,-1,momentum,-1,2,existing_in_sample,500.0,445.5
2026-05-15,2026-05-14,ESM6,7526.000000000001,7442.750000000001,7442.500000000001,7432.500000000001,-1,always_long,1,1,existing_in_sample,-500.0,-529.5
2026-05-15,2026-05-14,ESM6,7526.000000000001,7442.750000000001,7442.500000000001,7432.500000000001,-1,always_long,1,2,existing_in_sample,-500.0,-554.5
2026-05-18,2026-05-15,ESM6,7432.500000000001,7395.000000000001,7395.000000000001,7426.250000000001,-1,momentum,-1,1,existing_in_sample,-1562.5,-1592.0
2026-05-18,2026-05-15,ESM6,7432.500000000001,7395.000000000001,7395.000000000001,7426.250000000001,-1,momentum,-1,2,existing_in_sample,-1562.5,-1617.0
2026-05-18,2026-05-15,ESM6,7432.500000000001,7395.000000000001,7395.000000000001,7426.250000000001,-1,always_long,1,1,existing_in_sample,1562.5,1533.0
2026-05-18,2026-05-15,ESM6,7432.500000000001,7395.000000000001,7395.000000000001,7426.250000000001,-1,always_long,1,2,existing_in_sample,1562.5,1508.0
2026-05-19,2026-05-18,ESM6,7426.250000000001,7386.500000000001,7386.500000000001,7377.750000000001,-1,momentum,-1,1,existing_in_sample,437.5,408.0
2026-05-19,2026-05-18,ESM6,7426.250000000001,7386.500000000001,7386.500000000001,7377.750000000001,-1,momentum,-1,2,existing_in_sample,437.5,383.0
2026-05-19,2026-05-18,ESM6,7426.250000000001,7386.500000000001,7386.500000000001,7377.750000000001,-1,always_long,1,1,existing_in_sample,-437.5,-467.0
2026-05-19,2026-05-18,ESM6,7426.250000000001,7386.500000000001,7386.500000000001,7377.750000000001,-1,always_long,1,2,existing_in_sample,-437.5,-492.0
2026-05-20,2026-05-19,ESM6,7377.500000000001,7447.000000000001,7447.000000000001,7451.500000000001,1,momentum,1,1,existing_in_sample,225.0,195.5
2026-05-20,2026-05-19,ESM6,7377.500000000001,7447.000000000001,7447.000000000001,7451.500000000001,1,momentum,1,2,existing_in_sample,225.0,170.5
2026-05-20,2026-05-19,ESM6,7377.500000000001,7447.000000000001,7447.000000000001,7451.500000000001,1,always_long,1,1,existing_in_sample,225.0,195.5
2026-05-20,2026-05-19,ESM6,7377.500000000001,7447.000000000001,7447.000000000001,7451.500000000001,1,always_long,1,2,existing_in_sample,225.0,170.5
2026-05-21,2026-05-20,ESM6,7451.500000000001,7464.500000000001,7464.250000000001,7465.250000000001,1,momentum,1,1,existing_in_sample,50.0,20.5
2026-05-21,2026-05-20,ESM6,7451.500000000001,7464.500000000001,7464.250000000001,7465.250000000001,1,momentum,1,2,existing_in_sample,50.0,-4.5
2026-05-21,2026-05-20,ESM6,7451.500000000001,7464.500000000001,7464.250000000001,7465.250000000001,1,always_long,1,1,existing_in_sample,50.0,20.5
2026-05-21,2026-05-20,ESM6,7451.500000000001,7464.500000000001,7464.250000000001,7465.250000000001,1,always_long,1,2,existing_in_sample,50.0,-4.5
2026-05-22,2026-05-21,ESM6,7465.250000000001,7489.750000000001,7490.000000000001,7491.000000000001,1,momentum,1,1,existing_in_sample,50.0,20.5
2026-05-22,2026-05-21,ESM6,7465.250000000001,7489.750000000001,7490.000000000001,7491.000000000001,1,momentum,1,2,existing_in_sample,50.0,-4.5
2026-05-22,2026-05-21,ESM6,7465.250000000001,7489.750000000001,7490.000000000001,7491.000000000001,1,always_long,1,1,existing_in_sample,50.0,20.5
2026-05-22,2026-05-21,ESM6,7465.250000000001,7489.750000000001,7490.000000000001,7491.000000000001,1,always_long,1,2,existing_in_sample,50.0,-4.5
2026-05-27,2026-05-26,ESM6,7539.250000000001,7539.500000000001,7539.250000000001,7539.750000000001,1,momentum,1,1,existing_in_sample,25.0,-4.5
2026-05-27,2026-05-26,ESM6,7539.250000000001,7539.500000000001,7539.250000000001,7539.750000000001,1,momentum,1,2,existing_in_sample,25.0,-29.5
2026-05-27,2026-05-26,ESM6,7539.250000000001,7539.500000000001,7539.250000000001,7539.750000000001,1,always_long,1,1,existing_in_sample,25.0,-4.5
2026-05-27,2026-05-26,ESM6,7539.250000000001,7539.500000000001,7539.250000000001,7539.750000000001,1,always_long,1,2,existing_in_sample,25.0,-29.5
2026-05-28,2026-05-27,ESM6,7540.000000000001,7582.250000000001,7582.000000000001,7581.750000000001,1,momentum,1,1,existing_in_sample,-12.5,-42.0
2026-05-28,2026-05-27,ESM6,7540.000000000001,7582.250000000001,7582.000000000001,7581.750000000001,1,momentum,1,2,existing_in_sample,-12.5,-67.0
2026-05-28,2026-05-27,ESM6,7540.000000000001,7582.250000000001,7582.000000000001,7581.750000000001,1,always_long,1,1,existing_in_sample,-12.5,-42.0
2026-05-28,2026-05-27,ESM6,7540.000000000001,7582.250000000001,7582.000000000001,7581.750000000001,1,always_long,1,2,existing_in_sample,-12.5,-67.0
2026-05-29,2026-05-28,ESM6,7582.000000000001,7599.250000000001,7599.500000000001,7595.000000000001,1,momentum,1,1,existing_in_sample,-225.0,-254.5
2026-05-29,2026-05-28,ESM6,7582.000000000001,7599.250000000001,7599.500000000001,7595.000000000001,1,momentum,1,2,existing_in_sample,-225.0,-279.5
2026-05-29,2026-05-28,ESM6,7582.000000000001,7599.250000000001,7599.500000000001,7595.000000000001,1,always_long,1,1,existing_in_sample,-225.0,-254.5
2026-05-29,2026-05-28,ESM6,7582.000000000001,7599.250000000001,7599.500000000001,7595.000000000001,1,always_long,1,2,existing_in_sample,-225.0,-279.5
2026-06-01,2026-05-29,ESM6,7595.250000000001,7625.750000000001,7625.500000000001,7614.000000000001,1,momentum,1,1,existing_in_sample,-575.0,-604.5
2026-06-01,2026-05-29,ESM6,7595.250000000001,7625.750000000001,7625.500000000001,7614.000000000001,1,momentum,1,2,existing_in_sample,-575.0,-629.5
2026-06-01,2026-05-29,ESM6,7595.250000000001,7625.750000000001,7625.500000000001,7614.000000000001,1,always_long,1,1,existing_in_sample,-575.0,-604.5
2026-06-01,2026-05-29,ESM6,7595.250000000001,7625.750000000001,7625.500000000001,7614.000000000001,1,always_long,1,2,existing_in_sample,-575.0,-629.5
2026-06-02,2026-06-01,ESM6,7614.000000000001,7621.500000000001,7621.500000000001,7623.750000000001,1,momentum,1,1,existing_in_sample,112.5,83.0
2026-06-02,2026-06-01,ESM6,7614.000000000001,7621.500000000001,7621.500000000001,7623.750000000001,1,momentum,1,2,existing_in_sample,112.5,58.0
2026-06-02,2026-06-01,ESM6,7614.000000000001,7621.500000000001,7621.500000000001,7623.750000000001,1,always_long,1,1,existing_in_sample,112.5,83.0
2026-06-02,2026-06-01,ESM6,7614.000000000001,7621.500000000001,7621.500000000001,7623.750000000001,1,always_long,1,2,existing_in_sample,112.5,58.0
2026-06-03,2026-06-02,ESM6,7623.750000000001,7575.750000000001,7575.750000000001,7572.500000000001,-1,momentum,-1,1,existing_in_sample,162.5,133.0
2026-06-03,2026-06-02,ESM6,7623.750000000001,7575.750000000001,7575.750000000001,7572.500000000001,-1,momentum,-1,2,existing_in_sample,162.5,108.0
2026-06-03,2026-06-02,ESM6,7623.750000000001,7575.750000000001,7575.750000000001,7572.500000000001,-1,always_long,1,1,existing_in_sample,-162.5,-192.0
2026-06-03,2026-06-02,ESM6,7623.750000000001,7575.750000000001,7575.750000000001,7572.500000000001,-1,always_long,1,2,existing_in_sample,-162.5,-217.0
2026-06-04,2026-06-03,ESM6,7572.500000000001,7611.000000000001,7611.000000000001,7599.750000000001,1,momentum,1,1,existing_in_sample,-562.5,-592.0
2026-06-04,2026-06-03,ESM6,7572.500000000001,7611.000000000001,7611.000000000001,7599.750000000001,1,momentum,1,2,existing_in_sample,-562.5,-617.0
2026-06-04,2026-06-03,ESM6,7572.500000000001,7611.000000000001,7611.000000000001,7599.750000000001,1,always_long,1,1,existing_in_sample,-562.5,-592.0
2026-06-04,2026-06-03,ESM6,7572.500000000001,7611.000000000001,7611.000000000001,7599.750000000001,1,always_long,1,2,existing_in_sample,-562.5,-617.0
2026-06-05,2026-06-04,ESM6,7599.500000000001,7409.000000000001,7409.000000000001,7400.000000000001,-1,momentum,-1,1,existing_in_sample,450.0,420.5
2026-06-05,2026-06-04,ESM6,7599.500000000001,7409.000000000001,7409.000000000001,7400.000000000001,-1,momentum,-1,2,existing_in_sample,450.0,395.5
2026-06-05,2026-06-04,ESM6,7599.500000000001,7409.000000000001,7409.000000000001,7400.000000000001,-1,always_long,1,1,existing_in_sample,-450.0,-479.5
2026-06-05,2026-06-04,ESM6,7599.500000000001,7409.000000000001,7409.000000000001,7400.000000000001,-1,always_long,1,2,existing_in_sample,-450.0,-504.5
2026-06-08,2026-06-05,ESM6,7400.250000000001,7414.500000000001,7414.500000000001,7416.000000000001,1,momentum,1,1,existing_in_sample,75.0,45.5
2026-06-08,2026-06-05,ESM6,7400.250000000001,7414.500000000001,7414.500000000001,7416.000000000001,1,momentum,1,2,existing_in_sample,75.0,20.5
2026-06-08,2026-06-05,ESM6,7400.250000000001,7414.500000000001,7414.500000000001,7416.000000000001,1,always_long,1,1,existing_in_sample,75.0,45.5
2026-06-08,2026-06-05,ESM6,7400.250000000001,7414.500000000001,7414.500000000001,7416.000000000001,1,always_long,1,2,existing_in_sample,75.0,20.5
2026-06-09,2026-06-08,ESM6,7416.000000000001,7367.750000000001,7367.500000000001,7391.750000000001,-1,momentum,-1,1,existing_in_sample,-1212.5,-1242.0
2026-06-09,2026-06-08,ESM6,7416.000000000001,7367.750000000001,7367.500000000001,7391.750000000001,-1,momentum,-1,2,existing_in_sample,-1212.5,-1267.0
2026-06-09,2026-06-08,ESM6,7416.000000000001,7367.750000000001,7367.500000000001,7391.750000000001,-1,always_long,1,1,existing_in_sample,1212.5,1183.0
2026-06-09,2026-06-08,ESM6,7416.000000000001,7367.750000000001,7367.500000000001,7391.750000000001,-1,always_long,1,2,existing_in_sample,1212.5,1158.0
2026-06-10,2026-06-09,ESM6,7392.000000000001,7281.25,7281.0,7276.0,-1,momentum,-1,1,existing_in_sample,250.0,220.5
2026-06-10,2026-06-09,ESM6,7392.000000000001,7281.25,7281.0,7276.0,-1,momentum,-1,2,existing_in_sample,250.0,195.5
2026-06-10,2026-06-09,ESM6,7392.000000000001,7281.25,7281.0,7276.0,-1,always_long,1,1,existing_in_sample,-250.0,-279.5
2026-06-10,2026-06-09,ESM6,7392.000000000001,7281.25,7281.0,7276.0,-1,always_long,1,2,existing_in_sample,-250.0,-304.5
2026-06-11,2026-06-10,ESM6,7276.0,7399.250000000001,7399.000000000001,7394.500000000001,1,momentum,1,1,existing_in_sample,-225.0,-254.5
2026-06-11,2026-06-10,ESM6,7276.0,7399.250000000001,7399.000000000001,7394.500000000001,1,momentum,1,2,existing_in_sample,-225.0,-279.5
2026-06-11,2026-06-10,ESM6,7276.0,7399.250000000001,7399.000000000001,7394.500000000001,1,always_long,1,1,existing_in_sample,-225.0,-254.5
2026-06-11,2026-06-10,ESM6,7276.0,7399.250000000001,7399.000000000001,7394.500000000001,1,always_long,1,2,existing_in_sample,-225.0,-279.5
2026-06-12,2026-06-11,ESM6,7394.250000000001,7432.000000000001,7432.000000000001,7433.250000000001,1,momentum,1,1,existing_in_sample,62.5,33.0
2026-06-12,2026-06-11,ESM6,7394.250000000001,7432.000000000001,7432.000000000001,7433.250000000001,1,momentum,1,2,existing_in_sample,62.5,8.0
2026-06-12,2026-06-11,ESM6,7394.250000000001,7432.000000000001,7432.000000000001,7433.250000000001,1,always_long,1,1,existing_in_sample,62.5,33.0
2026-06-12,2026-06-11,ESM6,7394.250000000001,7432.000000000001,7432.000000000001,7433.250000000001,1,always_long,1,2,existing_in_sample,62.5,8.0
2026-06-15,2026-06-12,ESM6,7433.500000000001,7560.500000000001,7560.500000000001,7564.500000000001,1,momentum,1,1,existing_in_sample,200.0,170.5
2026-06-15,2026-06-12,ESM6,7433.500000000001,7560.500000000001,7560.500000000001,7564.500000000001,1,momentum,1,2,existing_in_sample,200.0,145.5
2026-06-15,2026-06-12,ESM6,7433.500000000001,7560.500000000001,7560.500000000001,7564.500000000001,1,always_long,1,1,existing_in_sample,200.0,170.5
2026-06-15,2026-06-12,ESM6,7433.500000000001,7560.500000000001,7560.500000000001,7564.500000000001,1,always_long,1,2,existing_in_sample,200.0,145.5
2026-06-16,2026-06-15,ESU6,7630.000000000001,7596.250000000001,7596.250000000001,7588.000000000001,-1,momentum,-1,1,existing_in_sample,412.5,383.0
2026-06-16,2026-06-15,ESU6,7630.000000000001,7596.250000000001,7596.250000000001,7588.000000000001,-1,momentum,-1,2,existing_in_sample,412.5,358.0
2026-06-16,2026-06-15,ESU6,7630.000000000001,7596.250000000001,7596.250000000001,7588.000000000001,-1,always_long,1,1,existing_in_sample,-412.5,-442.0
2026-06-16,2026-06-15,ESU6,7630.000000000001,7596.250000000001,7596.250000000001,7588.000000000001,-1,always_long,1,2,existing_in_sample,-412.5,-467.0
2026-06-17,2026-06-16,ESU6,7588.000000000001,7500.250000000001,7500.250000000001,7492.500000000001,-1,momentum,-1,1,existing_in_sample,387.5,358.0
2026-06-17,2026-06-16,ESU6,7588.000000000001,7500.250000000001,7500.250000000001,7492.500000000001,-1,momentum,-1,2,existing_in_sample,387.5,333.0
2026-06-17,2026-06-16,ESU6,7588.000000000001,7500.250000000001,7500.250000000001,7492.500000000001,-1,always_long,1,1,existing_in_sample,-387.5,-417.0
2026-06-17,2026-06-16,ESU6,7588.000000000001,7500.250000000001,7500.250000000001,7492.500000000001,-1,always_long,1,2,existing_in_sample,-387.5,-442.0
2026-06-18,2026-06-17,ESU6,7492.250000000001,7557.750000000001,7557.750000000001,7564.500000000001,1,momentum,1,1,existing_in_sample,337.5,308.0
2026-06-18,2026-06-17,ESU6,7492.250000000001,7557.750000000001,7557.750000000001,7564.500000000001,1,momentum,1,2,existing_in_sample,337.5,283.0
2026-06-18,2026-06-17,ESU6,7492.250000000001,7557.750000000001,7557.750000000001,7564.500000000001,1,always_long,1,1,existing_in_sample,337.5,308.0
2026-06-18,2026-06-17,ESU6,7492.250000000001,7557.750000000001,7557.750000000001,7564.500000000001,1,always_long,1,2,existing_in_sample,337.5,283.0
2026-06-23,2026-06-22,ESU6,7540.250000000001,7446.750000000001,7446.750000000001,7435.000000000001,-1,momentum,-1,1,existing_in_sample,587.5,558.0
2026-06-23,2026-06-22,ESU6,7540.250000000001,7446.750000000001,7446.750000000001,7435.000000000001,-1,momentum,-1,2,existing_in_sample,587.5,533.0
2026-06-23,2026-06-22,ESU6,7540.250000000001,7446.750000000001,7446.750000000001,7435.000000000001,-1,always_long,1,1,existing_in_sample,-587.5,-617.0
2026-06-23,2026-06-22,ESU6,7540.250000000001,7446.750000000001,7446.750000000001,7435.000000000001,-1,always_long,1,2,existing_in_sample,-587.5,-642.0
2026-06-24,2026-06-23,ESU6,7434.750000000001,7416.250000000001,7416.000000000001,7428.250000000001,-1,momentum,-1,1,existing_in_sample,-612.5,-642.0
2026-06-24,2026-06-23,ESU6,7434.750000000001,7416.250000000001,7416.000000000001,7428.250000000001,-1,momentum,-1,2,existing_in_sample,-612.5,-667.0
2026-06-24,2026-06-23,ESU6,7434.750000000001,7416.250000000001,7416.000000000001,7428.250000000001,-1,always_long,1,1,existing_in_sample,612.5,583.0
2026-06-24,2026-06-23,ESU6,7434.750000000001,7416.250000000001,7416.000000000001,7428.250000000001,-1,always_long,1,2,existing_in_sample,612.5,558.0
2026-06-25,2026-06-24,ESU6,7428.250000000001,7419.750000000001,7419.500000000001,7428.500000000001,-1,momentum,-1,1,existing_in_sample,-450.0,-479.5
2026-06-25,2026-06-24,ESU6,7428.250000000001,7419.750000000001,7419.500000000001,7428.500000000001,-1,momentum,-1,2,existing_in_sample,-450.0,-504.5
2026-06-25,2026-06-24,ESU6,7428.250000000001,7419.750000000001,7419.500000000001,7428.500000000001,-1,always_long,1,1,existing_in_sample,450.0,420.5
2026-06-25,2026-06-24,ESU6,7428.250000000001,7419.750000000001,7419.500000000001,7428.500000000001,-1,always_long,1,2,existing_in_sample,450.0,395.5
2026-06-26,2026-06-25,ESU6,7428.500000000001,7415.000000000001,7415.250000000001,7380.000000000001,-1,momentum,-1,1,existing_in_sample,1762.5,1733.0
2026-06-26,2026-06-25,ESU6,7428.500000000001,7415.000000000001,7415.250000000001,7380.000000000001,-1,momentum,-1,2,existing_in_sample,1762.5,1708.0
2026-06-26,2026-06-25,ESU6,7428.500000000001,7415.000000000001,7415.250000000001,7380.000000000001,-1,always_long,1,1,existing_in_sample,-1762.5,-1792.0
2026-06-26,2026-06-25,ESU6,7428.500000000001,7415.000000000001,7415.250000000001,7380.000000000001,-1,always_long,1,2,existing_in_sample,-1762.5,-1817.0
2026-06-29,2026-06-26,ESU6,7380.250000000001,7498.000000000001,7498.000000000001,7497.000000000001,1,momentum,1,1,existing_in_sample,-50.0,-79.5
2026-06-29,2026-06-26,ESU6,7380.250000000001,7498.000000000001,7498.000000000001,7497.000000000001,1,momentum,1,2,existing_in_sample,-50.0,-104.5
2026-06-29,2026-06-26,ESU6,7380.250000000001,7498.000000000001,7498.000000000001,7497.000000000001,1,always_long,1,1,existing_in_sample,-50.0,-79.5
2026-06-29,2026-06-26,ESU6,7380.250000000001,7498.000000000001,7498.000000000001,7497.000000000001,1,always_long,1,2,existing_in_sample,-50.0,-104.5
2026-06-30,2026-06-29,ESU6,7496.750000000001,7561.500000000001,7561.500000000001,7545.000000000001,1,momentum,1,1,existing_in_sample,-825.0,-854.5
2026-06-30,2026-06-29,ESU6,7496.750000000001,7561.500000000001,7561.500000000001,7545.000000000001,1,momentum,1,2,existing_in_sample,-825.0,-879.5
2026-06-30,2026-06-29,ESU6,7496.750000000001,7561.500000000001,7561.500000000001,7545.000000000001,1,always_long,1,1,existing_in_sample,-825.0,-854.5
2026-06-30,2026-06-29,ESU6,7496.750000000001,7561.500000000001,7561.500000000001,7545.000000000001,1,always_long,1,2,existing_in_sample,-825.0,-879.5
2026-07-01,2026-06-30,ESU6,7544.750000000001,7553.750000000001,7553.750000000001,7542.000000000001,1,momentum,1,1,existing_in_sample,-587.5,-617.0
2026-07-01,2026-06-30,ESU6,7544.750000000001,7553.750000000001,7553.750000000001,7542.000000000001,1,momentum,1,2,existing_in_sample,-587.5,-642.0
2026-07-01,2026-06-30,ESU6,7544.750000000001,7553.750000000001,7553.750000000001,7542.000000000001,1,always_long,1,1,existing_in_sample,-587.5,-617.0
2026-07-01,2026-06-30,ESU6,7544.750000000001,7553.750000000001,7553.750000000001,7542.000000000001,1,always_long,1,2,existing_in_sample,-587.5,-642.0
2026-07-02,2026-07-01,ESU6,7542.000000000001,7502.500000000001,7502.500000000001,7526.250000000001,-1,momentum,-1,1,existing_in_sample,-1187.5,-1217.0
2026-07-02,2026-07-01,ESU6,7542.000000000001,7502.500000000001,7502.500000000001,7526.250000000001,-1,momentum,-1,2,existing_in_sample,-1187.5,-1242.0
2026-07-02,2026-07-01,ESU6,7542.000000000001,7502.500000000001,7502.500000000001,7526.250000000001,-1,always_long,1,1,existing_in_sample,1187.5,1158.0
2026-07-02,2026-07-01,ESU6,7542.000000000001,7502.500000000001,7502.500000000001,7526.250000000001,-1,always_long,1,2,existing_in_sample,1187.5,1133.0
2026-07-07,2026-07-06,ESU6,7593.750000000001,7544.250000000001,7544.000000000001,7553.000000000001,-1,momentum,-1,1,existing_in_sample,-450.0,-479.5
2026-07-07,2026-07-06,ESU6,7593.750000000001,7544.250000000001,7544.000000000001,7553.000000000001,-1,momentum,-1,2,existing_in_sample,-450.0,-504.5
2026-07-07,2026-07-06,ESU6,7593.750000000001,7544.250000000001,7544.000000000001,7553.000000000001,-1,always_long,1,1,existing_in_sample,450.0,420.5
2026-07-07,2026-07-06,ESU6,7593.750000000001,7544.250000000001,7544.000000000001,7553.000000000001,-1,always_long,1,2,existing_in_sample,450.0,395.5
2026-07-08,2026-07-07,ESU6,7553.000000000001,7526.750000000001,7526.750000000001,7526.750000000001,-1,momentum,-1,1,existing_in_sample,-0.0,-29.5
2026-07-08,2026-07-07,ESU6,7553.000000000001,7526.750000000001,7526.750000000001,7526.750000000001,-1,momentum,-1,2,existing_in_sample,-0.0,-54.5
2026-07-08,2026-07-07,ESU6,7553.000000000001,7526.750000000001,7526.750000000001,7526.750000000001,-1,always_long,1,1,existing_in_sample,0.0,-29.5
2026-07-08,2026-07-07,ESU6,7553.000000000001,7526.750000000001,7526.750000000001,7526.750000000001,-1,always_long,1,2,existing_in_sample,0.0,-54.5
2026-07-09,2026-07-08,ESU6,7526.500000000001,7585.000000000001,7585.000000000001,7590.500000000001,1,momentum,1,1,existing_in_sample,275.0,245.5
2026-07-09,2026-07-08,ESU6,7526.500000000001,7585.000000000001,7585.000000000001,7590.500000000001,1,momentum,1,2,existing_in_sample,275.0,220.5
2026-07-09,2026-07-08,ESU6,7526.500000000001,7585.000000000001,7585.000000000001,7590.500000000001,1,always_long,1,1,existing_in_sample,275.0,245.5
2026-07-09,2026-07-08,ESU6,7526.500000000001,7585.000000000001,7585.000000000001,7590.500000000001,1,always_long,1,2,existing_in_sample,275.0,220.5
2026-07-10,2026-07-09,ESU6,7590.500000000001,7622.750000000001,7622.750000000001,7620.750000000001,1,momentum,1,1,existing_in_sample,-100.0,-129.5
2026-07-10,2026-07-09,ESU6,7590.500000000001,7622.750000000001,7622.750000000001,7620.750000000001,1,momentum,1,2,existing_in_sample,-100.0,-154.5
2026-07-10,2026-07-09,ESU6,7590.500000000001,7622.750000000001,7622.750000000001,7620.750000000001,1,always_long,1,1,existing_in_sample,-100.0,-129.5
2026-07-10,2026-07-09,ESU6,7590.500000000001,7622.750000000001,7622.750000000001,7620.750000000001,1,always_long,1,2,existing_in_sample,-100.0,-154.5
2026-07-13,2026-07-10,ESU6,7621.000000000001,7555.000000000001,7555.000000000001,7563.000000000001,-1,momentum,-1,1,existing_in_sample,-400.0,-429.5
2026-07-13,2026-07-10,ESU6,7621.000000000001,7555.000000000001,7555.000000000001,7563.000000000001,-1,momentum,-1,2,existing_in_sample,-400.0,-454.5
2026-07-13,2026-07-10,ESU6,7621.000000000001,7555.000000000001,7555.000000000001,7563.000000000001,-1,always_long,1,1,existing_in_sample,400.0,370.5
2026-07-13,2026-07-10,ESU6,7621.000000000001,7555.000000000001,7555.000000000001,7563.000000000001,-1,always_long,1,2,existing_in_sample,400.0,345.5
2026-07-14,2026-07-13,ESU6,7563.250000000001,7591.500000000001,7591.500000000001,7590.250000000001,1,momentum,1,1,existing_in_sample,-62.5,-92.0
2026-07-14,2026-07-13,ESU6,7563.250000000001,7591.500000000001,7591.500000000001,7590.250000000001,1,momentum,1,2,existing_in_sample,-62.5,-117.0
2026-07-14,2026-07-13,ESU6,7563.250000000001,7591.500000000001,7591.500000000001,7590.250000000001,1,always_long,1,1,existing_in_sample,-62.5,-92.0
2026-07-14,2026-07-13,ESU6,7563.250000000001,7591.500000000001,7591.500000000001,7590.250000000001,1,always_long,1,2,existing_in_sample,-62.5,-117.0
2026-07-15,2026-07-14,ESU6,7590.000000000001,7606.500000000001,7606.500000000001,7617.000000000001,1,momentum,1,1,existing_in_sample,525.0,495.5
2026-07-15,2026-07-14,ESU6,7590.000000000001,7606.500000000001,7606.500000000001,7617.000000000001,1,momentum,1,2,existing_in_sample,525.0,470.5
2026-07-15,2026-07-14,ESU6,7590.000000000001,7606.500000000001,7606.500000000001,7617.000000000001,1,always_long,1,1,existing_in_sample,525.0,495.5
2026-07-15,2026-07-14,ESU6,7590.000000000001,7606.500000000001,7606.500000000001,7617.000000000001,1,always_long,1,2,existing_in_sample,525.0,470.5
2026-07-16,2026-07-15,ESU6,7617.000000000001,7560.250000000001,7560.250000000001,7577.000000000001,-1,momentum,-1,1,existing_in_sample,-837.5,-867.0
2026-07-16,2026-07-15,ESU6,7617.000000000001,7560.250000000001,7560.250000000001,7577.000000000001,-1,momentum,-1,2,existing_in_sample,-837.5,-892.0
2026-07-16,2026-07-15,ESU6,7617.000000000001,7560.250000000001,7560.250000000001,7577.000000000001,-1,always_long,1,1,existing_in_sample,837.5,808.0
2026-07-16,2026-07-15,ESU6,7617.000000000001,7560.250000000001,7560.250000000001,7577.000000000001,-1,always_long,1,2,existing_in_sample,837.5,783.0
2026-07-17,2026-07-16,ESU6,7577.000000000001,7496.750000000001,7497.000000000001,7496.750000000001,-1,momentum,-1,1,existing_in_sample,12.5,-17.0
2026-07-17,2026-07-16,ESU6,7577.000000000001,7496.750000000001,7497.000000000001,7496.750000000001,-1,momentum,-1,2,existing_in_sample,12.5,-42.0
2026-07-17,2026-07-16,ESU6,7577.000000000001,7496.750000000001,7497.000000000001,7496.750000000001,-1,always_long,1,1,existing_in_sample,-12.5,-42.0
2026-07-17,2026-07-16,ESU6,7577.000000000001,7496.750000000001,7497.000000000001,7496.750000000001,-1,always_long,1,2,existing_in_sample,-12.5,-67.0
2026-07-20,2026-07-17,ESU6,7496.750000000001,7490.500000000001,7490.750000000001,7485.750000000001,-1,momentum,-1,1,existing_in_sample,250.0,220.5
2026-07-20,2026-07-17,ESU6,7496.750000000001,7490.500000000001,7490.750000000001,7485.750000000001,-1,momentum,-1,2,existing_in_sample,250.0,195.5
2026-07-20,2026-07-17,ESU6,7496.750000000001,7490.500000000001,7490.750000000001,7485.750000000001,-1,always_long,1,1,existing_in_sample,-250.0,-279.5
2026-07-20,2026-07-17,ESU6,7496.750000000001,7490.500000000001,7490.750000000001,7485.750000000001,-1,always_long,1,2,existing_in_sample,-250.0,-304.5
2026-07-21,2026-07-20,ESU6,7486.000000000001,7545.750000000001,7545.750000000001,7545.500000000001,1,momentum,1,1,existing_in_sample,-12.5,-42.0
2026-07-21,2026-07-20,ESU6,7486.000000000001,7545.750000000001,7545.750000000001,7545.500000000001,1,momentum,1,2,existing_in_sample,-12.5,-67.0
2026-07-21,2026-07-20,ESU6,7486.000000000001,7545.750000000001,7545.750000000001,7545.500000000001,1,always_long,1,1,existing_in_sample,-12.5,-42.0
2026-07-21,2026-07-20,ESU6,7486.000000000001,7545.750000000001,7545.750000000001,7545.500000000001,1,always_long,1,2,existing_in_sample,-12.5,-67.0
2026-07-22,2026-07-21,ESU6,7545.750000000001,7542.500000000001,7542.500000000001,7536.750000000001,-1,momentum,-1,1,existing_in_sample,287.5,258.0
2026-07-22,2026-07-21,ESU6,7545.750000000001,7542.500000000001,7542.500000000001,7536.750000000001,-1,momentum,-1,2,existing_in_sample,287.5,233.0
2026-07-22,2026-07-21,ESU6,7545.750000000001,7542.500000000001,7542.500000000001,7536.750000000001,-1,always_long,1,1,existing_in_sample,-287.5,-317.0
2026-07-22,2026-07-21,ESU6,7545.750000000001,7542.500000000001,7542.500000000001,7536.750000000001,-1,always_long,1,2,existing_in_sample,-287.5,-342.0
2026-07-23,2026-07-22,ESU6,7536.500000000001,7436.250000000001,7436.250000000001,7444.000000000001,-1,momentum,-1,1,existing_in_sample,-387.5,-417.0
2026-07-23,2026-07-22,ESU6,7536.500000000001,7436.250000000001,7436.250000000001,7444.000000000001,-1,momentum,-1,2,existing_in_sample,-387.5,-442.0
2026-07-23,2026-07-22,ESU6,7536.500000000001,7436.250000000001,7436.250000000001,7444.000000000001,-1,always_long,1,1,existing_in_sample,387.5,358.0
2026-07-23,2026-07-22,ESU6,7536.500000000001,7436.250000000001,7436.250000000001,7444.000000000001,-1,always_long,1,2,existing_in_sample,387.5,333.0
2026-07-24,2026-07-23,ESU6,7444.000000000001,7435.500000000001,7435.750000000001,7448.000000000001,-1,momentum,-1,1,existing_in_sample,-612.5,-642.0
2026-07-24,2026-07-23,ESU6,7444.000000000001,7435.500000000001,7435.750000000001,7448.000000000001,-1,momentum,-1,2,existing_in_sample,-612.5,-667.0
2026-07-24,2026-07-23,ESU6,7444.000000000001,7435.500000000001,7435.750000000001,7448.000000000001,-1,always_long,1,1,existing_in_sample,612.5,583.0
2026-07-24,2026-07-23,ESU6,7444.000000000001,7435.500000000001,7435.750000000001,7448.000000000001,-1,always_long,1,2,existing_in_sample,612.5,558.0
2026-07-27,2026-07-24,ESU6,7447.750000000001,7454.750000000001,7454.500000000001,7449.000000000001,1,momentum,1,1,existing_in_sample,-275.0,-304.5
2026-07-27,2026-07-24,ESU6,7447.750000000001,7454.750000000001,7454.500000000001,7449.000000000001,1,momentum,1,2,existing_in_sample,-275.0,-329.5
2026-07-27,2026-07-24,ESU6,7447.750000000001,7454.750000000001,7454.500000000001,7449.000000000001,1,always_long,1,1,existing_in_sample,-275.0,-304.5
2026-07-27,2026-07-24,ESU6,7447.750000000001,7454.750000000001,7454.500000000001,7449.000000000001,1,always_long,1,2,existing_in_sample,-275.0,-329.5
2026-07-28,2026-07-27,ESU6,7449.250000000001,7475.000000000001,7475.250000000001,7466.000000000001,1,momentum,1,1,existing_in_sample,-462.5,-492.0
2026-07-28,2026-07-27,ESU6,7449.250000000001,7475.000000000001,7475.250000000001,7466.000000000001,1,momentum,1,2,existing_in_sample,-462.5,-517.0
2026-07-28,2026-07-27,ESU6,7449.250000000001,7475.000000000001,7475.250000000001,7466.000000000001,1,always_long,1,1,existing_in_sample,-462.5,-492.0
2026-07-28,2026-07-27,ESU6,7449.250000000001,7475.000000000001,7475.250000000001,7466.000000000001,1,always_long,1,2,existing_in_sample,-462.5,-517.0
2026-07-29,2026-07-28,ESU6,7466.000000000001,7405.500000000001,7405.500000000001,7350.250000000001,-1,momentum,-1,1,existing_in_sample,2762.5,2733.0
2026-07-29,2026-07-28,ESU6,7466.000000000001,7405.500000000001,7405.500000000001,7350.250000000001,-1,momentum,-1,2,existing_in_sample,2762.5,2708.0
2026-07-29,2026-07-28,ESU6,7466.000000000001,7405.500000000001,7405.500000000001,7350.250000000001,-1,always_long,1,1,existing_in_sample,-2762.5,-2792.0
2026-07-29,2026-07-28,ESU6,7466.000000000001,7405.500000000001,7405.500000000001,7350.250000000001,-1,always_long,1,2,existing_in_sample,-2762.5,-2817.0
2026-07-30,2026-07-29,ESU6,7350.250000000001,7471.500000000001,7471.500000000001,7473.000000000001,1,momentum,1,1,existing_in_sample,75.0,45.5
2026-07-30,2026-07-29,ESU6,7350.250000000001,7471.500000000001,7471.500000000001,7473.000000000001,1,momentum,1,2,existing_in_sample,75.0,20.5
2026-07-30,2026-07-29,ESU6,7350.250000000001,7471.500000000001,7471.500000000001,7473.000000000001,1,always_long,1,1,existing_in_sample,75.0,45.5
2026-07-30,2026-07-29,ESU6,7350.250000000001,7471.500000000001,7471.500000000001,7473.000000000001,1,always_long,1,2,existing_in_sample,75.0,20.5
2026-07-31,2026-07-30,ESU6,7472.750000000001,7526.750000000001,7526.750000000001,7520.250000000001,1,momentum,1,1,existing_in_sample,-325.0,-354.5
2026-07-31,2026-07-30,ESU6,7472.750000000001,7526.750000000001,7526.750000000001,7520.250000000001,1,momentum,1,2,existing_in_sample,-325.0,-379.5
2026-07-31,2026-07-30,ESU6,7472.750000000001,7526.750000000001,7526.750000000001,7520.250000000001,1,always_long,1,1,existing_in_sample,-325.0,-354.5
2026-07-31,2026-07-30,ESU6,7472.750000000001,7526.750000000001,7526.750000000001,7520.250000000001,1,always_long,1,2,existing_in_sample,-325.0,-379.5
